CostID,HiringID,CostType,CostAmount,CostDate
1,1,Recruiter Salary,1900,2023-07-11
2,1,Job Board,1624,2020-06-19
3,1,Recruiter Salary,1638,2023-07-27
4,2,Referral Bonus,1444,2020-02-26
5,2,Background Check,1187,2022-03-10
6,2,Job Board,1090,2022-11-05
7,3,Recruiter Salary,579,2022-08-04
8,3,Referral Bonus,518,2022-07-02
9,3,Agency Fee,1579,2021-09-11
10,4,Job Board,1589,2022-02-14
11,4,Referral Bonus,567,2023-08-01
12,5,Job Board,1628,2021-01-01
13,5,Referral Bonus,1245,2020-10-30
14,5,Recruiter Salary,830,2022-02-16
15,6,Job Board,860,2021-08-14
16,6,Agency Fee,1400,2024-01-15
17,7,Referral Bonus,824,2020-04-10
18,7,Agency Fee,1443,2021-04-06
19,7,Referral Bonus,1665,2022-07-28
20,8,Referral Bonus,1685,2023-11-20
21,8,Background Check,697,2022-07-03
22,9,Recruiter Salary,100,2020-09-24
23,9,Background Check,959,2020-01-15
24,9,Background Check,1732,2023-05-02
25,10,Referral Bonus,1065,2020-08-28
26,10,Job Board,577,2020-07-14
27,11,Referral Bonus,996,2022-09-21
28,11,Background Check,924,2021-02-06
29,11,Job Board,503,2023-02-04
30,12,Referral Bonus,726,2022-01-31
31,12,Recruiter Salary,565,2022-11-06
32,12,Referral Bonus,730,2023-04-24
33,13,Recruiter Salary,1257,2020-07-16
34,13,Referral Bonus,1309,2022-04-09
35,13,Background Check,351,2021-01-03
36,14,Referral Bonus,146,2021-12-02
37,14,Referral Bonus,1439,2020-12-17
38,15,Recruiter Salary,611,2020-08-02
39,15,Referral Bonus,1771,2022-08-24
40,15,Job Board,1777,2021-04-27
41,16,Agency Fee,1965,2022-06-18
42,16,Referral Bonus,946,2021-12-28
43,16,Job Board,910,2022-10-12
44,17,Job Board,1772,2024-01-24
45,17,Referral Bonus,1845,2022-06-12
46,18,Referral Bonus,1922,2021-09-23
47,18,Background Check,500,2020-01-30
48,19,Background Check,1993,2020-04-17
49,19,Referral Bonus,1183,2023-09-03
50,19,Job Board,268,2023-05-20
51,20,Recruiter Salary,1831,2023-03-21
52,20,Recruiter Salary,1644,2023-11-21
53,20,Referral Bonus,915,2020-06-24
54,21,Referral Bonus,1303,2021-04-28
55,21,Background Check,967,2023-02-28
56,22,Recruiter Salary,1836,2020-04-18
57,22,Agency Fee,1052,2022-04-19
58,22,Recruiter Salary,1827,2022-06-07
59,23,Job Board,771,2022-03-20
60,23,Job Board,509,2021-03-21
61,24,Referral Bonus,1068,2020-10-23
62,24,Background Check,702,2020-02-17
63,25,Job Board,661,2023-11-22
64,25,Agency Fee,1207,2021-09-06
65,26,Referral Bonus,1838,2020-10-23
66,26,Referral Bonus,1896,2023-04-15
67,26,Agency Fee,414,2020-12-26
68,27,Recruiter Salary,332,2021-01-18
69,27,Agency Fee,1778,2023-12-30
70,28,Recruiter Salary,1804,2021-03-04
71,28,Agency Fee,1364,2020-12-21
72,28,Agency Fee,1578,2020-05-04
73,29,Recruiter Salary,414,2021-01-21
74,29,Background Check,741,2021-09-16
75,29,Recruiter Salary,1693,2022-10-13
76,30,Background Check,1398,2023-02-07
77,30,Referral Bonus,1591,2022-01-29
78,31,Job Board,161,2020-03-06
79,31,Background Check,657,2020-09-26
80,31,Agency Fee,1481,2022-02-08
81,32,Job Board,258,2022-02-18
82,32,Job Board,1374,2020-08-22
83,32,Agency Fee,1203,2021-12-17
84,33,Referral Bonus,1463,2023-06-01
85,33,Background Check,1720,2020-09-17
86,34,Agency Fee,1414,2020-03-05
87,34,Referral Bonus,1121,2022-01-25
88,35,Job Board,981,2020-05-29
89,35,Job Board,664,2021-01-28
90,36,Job Board,419,2020-10-28
91,36,Background Check,600,2021-05-01
92,36,Job Board,1033,2021-01-02
93,37,Referral Bonus,1935,2021-09-26
94,37,Job Board,1504,2024-01-24
95,37,Job Board,1863,2021-07-11
96,38,Recruiter Salary,621,2020-09-28
97,38,Job Board,1933,2023-12-06
98,38,Agency Fee,989,2023-09-29
99,39,Background Check,1368,2023-08-26
100,39,Recruiter Salary,1890,2023-09-25
101,39,Agency Fee,720,2023-07-14
102,40,Job Board,1177,2021-10-01
103,40,Referral Bonus,369,2021-05-02
104,40,Referral Bonus,1348,2020-06-24
105,41,Referral Bonus,497,2023-11-25
106,41,Referral Bonus,378,2022-01-08
107,41,Referral Bonus,1396,2023-01-22
108,42,Agency Fee,1965,2020-02-05
109,42,Background Check,1644,2020-07-02
110,42,Background Check,1643,2022-07-23
111,43,Referral Bonus,1552,2020-01-22
112,43,Referral Bonus,1757,2020-05-22
113,43,Recruiter Salary,1741,2022-03-08
114,44,Recruiter Salary,265,2023-11-12
115,44,Job Board,753,2021-12-11
116,45,Job Board,1623,2022-07-22
117,45,Job Board,964,2020-07-10
118,45,Agency Fee,387,2020-12-14
119,46,Job Board,520,2020-05-25
120,46,Recruiter Salary,1414,2024-01-30
121,47,Job Board,1072,2020-03-02
122,47,Agency Fee,792,2020-07-05
123,47,Job Board,293,2021-12-17
124,48,Recruiter Salary,1095,2022-11-15
125,48,Agency Fee,745,2021-07-27
126,49,Agency Fee,1306,2020-05-11
127,49,Referral Bonus,615,2020-10-11
128,50,Agency Fee,1154,2020-11-17
129,50,Agency Fee,1728,2021-08-29
130,51,Recruiter Salary,628,2020-07-05
131,51,Recruiter Salary,852,2022-01-28
132,52,Agency Fee,1954,2020-05-08
133,52,Agency Fee,913,2021-09-25
134,53,Background Check,1178,2022-08-11
135,53,Referral Bonus,387,2023-06-25
136,54,Job Board,1930,2021-07-22
137,54,Background Check,1351,2024-01-05
138,54,Referral Bonus,953,2023-03-04
139,55,Agency Fee,1760,2022-05-17
140,55,Job Board,1301,2023-05-28
141,55,Recruiter Salary,1837,2024-01-31
142,56,Job Board,741,2022-07-26
143,56,Recruiter Salary,1043,2022-05-07
144,56,Referral Bonus,1026,2023-04-15
145,57,Agency Fee,368,2022-05-28
146,57,Recruiter Salary,1512,2023-06-24
147,58,Job Board,1649,2022-08-29
148,58,Job Board,1066,2022-01-13
149,59,Recruiter Salary,1395,2021-04-22
150,59,Referral Bonus,1847,2021-08-10
151,60,Referral Bonus,797,2022-08-20
152,60,Referral Bonus,1393,2023-04-23
153,60,Job Board,362,2023-11-21
154,61,Agency Fee,1740,2020-06-10
155,61,Referral Bonus,392,2023-01-04
156,62,Referral Bonus,222,2022-01-11
157,62,Job Board,225,2020-06-22
158,63,Background Check,937,2020-10-21
159,63,Referral Bonus,331,2020-07-23
160,63,Referral Bonus,1422,2024-01-01
161,64,Agency Fee,787,2022-09-30
162,64,Recruiter Salary,1346,2024-01-25
163,64,Recruiter Salary,501,2021-12-17
164,65,Referral Bonus,1532,2022-10-18
165,65,Background Check,1145,2023-09-10
166,65,Background Check,502,2020-11-08
167,66,Referral Bonus,306,2021-05-06
168,66,Recruiter Salary,245,2023-01-07
169,66,Recruiter Salary,244,2021-12-23
170,67,Job Board,256,2020-10-13
171,67,Recruiter Salary,273,2020-05-16
172,68,Background Check,1313,2023-07-15
173,68,Referral Bonus,1200,2022-11-10
174,68,Background Check,287,2023-01-30
175,69,Referral Bonus,1512,2021-09-16
176,69,Background Check,1729,2021-09-02
177,69,Job Board,419,2021-03-02
178,70,Background Check,980,2020-07-17
179,70,Background Check,381,2023-03-12
180,71,Referral Bonus,1948,2021-03-20
181,71,Recruiter Salary,1026,2020-05-23
182,71,Background Check,1994,2021-06-03
183,72,Background Check,1934,2023-08-23
184,72,Background Check,1592,2022-10-24
185,72,Referral Bonus,1202,2020-04-21
186,73,Agency Fee,560,2023-12-23
187,73,Background Check,484,2021-03-23
188,73,Agency Fee,1921,2023-02-18
189,74,Background Check,1023,2022-10-20
190,74,Agency Fee,1774,2020-02-11
191,75,Referral Bonus,1854,2023-04-05
192,75,Recruiter Salary,1339,2020-01-15
193,76,Job Board,1365,2020-01-01
194,76,Background Check,1784,2021-02-23
195,76,Job Board,1013,2022-10-27
196,77,Job Board,391,2023-05-31
197,77,Recruiter Salary,211,2023-06-26
198,78,Agency Fee,925,2020-05-08
199,78,Job Board,617,2023-04-13
200,79,Background Check,704,2022-02-04
201,79,Background Check,226,2021-12-27
202,79,Background Check,1812,2023-02-21
203,80,Background Check,1501,2022-03-03
204,80,Agency Fee,177,2021-10-23
205,81,Job Board,227,2020-11-07
206,81,Referral Bonus,1219,2023-11-07
207,81,Job Board,1422,2021-05-16
208,82,Referral Bonus,1610,2020-02-06
209,82,Referral Bonus,1430,2024-01-29
210,83,Job Board,1799,2022-11-19
211,83,Agency Fee,919,2022-03-31
212,84,Background Check,1324,2022-10-22
213,84,Agency Fee,711,2022-06-14
214,84,Referral Bonus,404,2022-07-18
215,85,Agency Fee,656,2023-10-20
216,85,Agency Fee,141,2023-01-26
217,86,Job Board,557,2021-01-25
218,86,Background Check,1765,2021-04-06
219,86,Job Board,313,2020-11-06
220,87,Job Board,987,2023-07-15
221,87,Recruiter Salary,1964,2022-07-20
222,87,Referral Bonus,633,2022-03-27
223,88,Referral Bonus,1884,2022-09-20
224,88,Job Board,193,2021-12-16
225,88,Background Check,420,2020-08-15
226,89,Agency Fee,1753,2022-03-10
227,89,Job Board,565,2023-09-29
228,89,Agency Fee,1763,2020-09-25
229,90,Background Check,130,2022-07-28
230,90,Recruiter Salary,1008,2023-07-18
231,90,Recruiter Salary,296,2020-09-23
232,91,Job Board,1227,2020-03-23
233,91,Job Board,329,2021-10-15
234,91,Background Check,717,2022-05-28
235,92,Referral Bonus,1565,2023-08-29
236,92,Job Board,1369,2023-10-21
237,93,Agency Fee,1625,2020-10-27
238,93,Background Check,727,2020-06-17
239,94,Job Board,311,2023-11-18
240,94,Job Board,163,2021-12-25
241,94,Background Check,252,2020-04-29
242,95,Recruiter Salary,1279,2020-03-02
243,95,Recruiter Salary,528,2023-04-06
244,96,Recruiter Salary,334,2023-06-21
245,96,Referral Bonus,306,2020-04-19
246,96,Background Check,1733,2021-04-25
247,97,Recruiter Salary,676,2021-12-18
248,97,Job Board,1783,2022-06-19
249,98,Recruiter Salary,754,2022-09-21
250,98,Job Board,277,2023-10-09
251,99,Agency Fee,1683,2020-02-03
252,99,Referral Bonus,939,2024-01-05
253,100,Referral Bonus,1370,2022-08-09
254,100,Job Board,739,2024-02-07
255,100,Background Check,1138,2021-05-20
256,101,Background Check,792,2020-12-24
257,101,Background Check,468,2020-05-18
258,101,Recruiter Salary,1858,2023-07-18
259,102,Job Board,1090,2020-06-01
260,102,Referral Bonus,254,2023-10-19
261,103,Recruiter Salary,1201,2022-01-27
262,103,Job Board,1866,2022-04-11
263,104,Background Check,1551,2022-09-21
264,104,Job Board,1945,2023-08-03
265,105,Background Check,1951,2020-03-21
266,105,Background Check,451,2021-11-15
267,105,Job Board,1326,2020-08-09
268,106,Job Board,1631,2022-09-14
269,106,Background Check,137,2023-12-01
270,107,Background Check,121,2020-09-16
271,107,Recruiter Salary,600,2021-09-04
272,107,Agency Fee,1001,2020-12-09
273,108,Job Board,1578,2023-02-08
274,108,Referral Bonus,1066,2021-02-16
275,109,Background Check,659,2022-08-26
276,109,Background Check,815,2020-01-12
277,109,Referral Bonus,1077,2021-10-10
278,110,Referral Bonus,808,2021-03-04
279,110,Referral Bonus,615,2021-12-17
280,111,Agency Fee,1642,2021-08-30
281,111,Job Board,913,2023-09-14
282,112,Background Check,1479,2023-04-06
283,112,Background Check,1879,2024-01-05
284,113,Background Check,1452,2022-05-02
285,113,Background Check,563,2024-01-03
286,113,Background Check,1064,2023-11-23
287,114,Agency Fee,1589,2023-04-26
288,114,Referral Bonus,175,2021-12-17
289,114,Background Check,660,2022-10-08
290,115,Job Board,681,2020-08-25
291,115,Job Board,288,2021-01-13
292,115,Referral Bonus,744,2021-08-17
293,116,Agency Fee,1250,2020-06-08
294,116,Referral Bonus,678,2021-11-14
295,116,Agency Fee,1363,2022-12-30
296,117,Referral Bonus,522,2020-02-25
297,117,Recruiter Salary,1415,2020-03-23
298,117,Background Check,806,2020-12-14
299,118,Referral Bonus,794,2021-04-08
300,118,Job Board,825,2023-09-24
301,118,Job Board,105,2021-05-07
302,119,Background Check,1234,2022-05-02
303,119,Job Board,470,2023-09-20
304,119,Job Board,259,2023-02-21
305,120,Referral Bonus,1123,2023-06-11
306,120,Job Board,1187,2022-06-24
307,121,Agency Fee,833,2021-06-24
308,121,Referral Bonus,1974,2021-11-10
309,122,Recruiter Salary,1595,2022-03-09
310,122,Agency Fee,1931,2021-04-14
311,122,Job Board,782,2020-01-29
312,123,Referral Bonus,753,2023-10-27
313,123,Referral Bonus,820,2023-02-27
314,124,Background Check,772,2021-07-03
315,124,Background Check,1547,2021-01-16
316,124,Referral Bonus,417,2021-01-24
317,125,Agency Fee,1455,2020-05-15
318,125,Agency Fee,814,2020-10-16
319,126,Recruiter Salary,556,2020-09-19
320,126,Job Board,378,2021-12-26
321,127,Recruiter Salary,638,2022-11-19
322,127,Background Check,1252,2023-06-01
323,128,Agency Fee,415,2023-08-28
324,128,Background Check,490,2020-12-31
325,129,Recruiter Salary,208,2020-05-30
326,129,Background Check,1736,2022-08-08
327,129,Referral Bonus,482,2022-11-25
328,130,Agency Fee,1002,2021-12-03
329,130,Agency Fee,1727,2022-05-16
330,131,Referral Bonus,238,2023-11-22
331,131,Background Check,157,2023-05-12
332,131,Job Board,1448,2021-06-28
333,132,Job Board,1510,2020-06-30
334,132,Background Check,1616,2023-06-24
335,132,Job Board,744,2022-10-24
336,133,Job Board,662,2022-04-06
337,133,Job Board,1100,2020-02-09
338,133,Referral Bonus,1868,2022-10-05
339,134,Background Check,350,2023-09-09
340,134,Referral Bonus,1597,2021-08-15
341,134,Job Board,115,2020-12-31
342,135,Job Board,1882,2024-01-09
343,135,Background Check,660,2023-04-30
344,135,Referral Bonus,313,2022-02-09
345,136,Agency Fee,432,2020-06-07
346,136,Background Check,1881,2021-02-06
347,136,Agency Fee,627,2023-02-15
348,137,Agency Fee,649,2023-01-08
349,137,Referral Bonus,262,2022-02-25
350,137,Agency Fee,1033,2022-11-26
351,138,Job Board,418,2023-02-12
352,138,Agency Fee,859,2023-08-03
353,139,Background Check,1161,2021-06-02
354,139,Background Check,317,2021-09-26
355,140,Background Check,424,2020-03-19
356,140,Background Check,1066,2023-10-14
357,141,Agency Fee,557,2021-01-23
358,141,Recruiter Salary,398,2020-12-17
359,141,Referral Bonus,162,2021-09-19
360,142,Background Check,133,2020-07-02
361,142,Referral Bonus,1336,2021-09-29
362,142,Job Board,1326,2023-09-24
363,143,Background Check,1287,2023-05-20
364,143,Recruiter Salary,758,2022-07-24
365,143,Agency Fee,680,2023-04-24
366,144,Referral Bonus,1363,2021-12-19
367,144,Agency Fee,527,2021-07-27
368,145,Agency Fee,1739,2023-02-14
369,145,Referral Bonus,1205,2021-05-25
370,145,Background Check,1666,2023-12-10
371,146,Recruiter Salary,1979,2023-02-13
372,146,Referral Bonus,755,2021-12-30
373,146,Recruiter Salary,1188,2023-05-16
374,147,Job Board,1841,2020-05-12
375,147,Job Board,1801,2024-02-08
376,148,Recruiter Salary,687,2020-10-01
377,148,Background Check,690,2021-08-22
378,148,Recruiter Salary,1899,2022-01-22
379,149,Job Board,121,2022-12-08
380,149,Referral Bonus,155,2022-05-04
381,150,Job Board,1744,2023-08-04
382,150,Referral Bonus,710,2020-10-30
383,151,Referral Bonus,1115,2023-04-24
384,151,Background Check,281,2021-11-21
385,151,Recruiter Salary,892,2021-03-23
386,152,Agency Fee,313,2022-11-16
387,152,Recruiter Salary,1876,2022-02-16
388,153,Job Board,714,2023-08-21
389,153,Job Board,139,2023-12-12
390,153,Background Check,1343,2020-04-02
391,154,Agency Fee,833,2020-01-19
392,154,Background Check,777,2020-02-27
393,155,Job Board,313,2020-10-21
394,155,Job Board,1809,2023-03-17
395,156,Recruiter Salary,1847,2020-02-17
396,156,Job Board,889,2022-05-20
397,157,Agency Fee,932,2021-07-17
398,157,Job Board,501,2020-08-11
399,157,Background Check,1810,2023-05-27
400,158,Recruiter Salary,155,2022-11-30
401,158,Agency Fee,806,2021-07-12
402,159,Referral Bonus,1344,2021-04-30
403,159,Agency Fee,537,2022-11-21
404,159,Agency Fee,1121,2022-06-12
405,160,Agency Fee,1416,2020-10-14
406,160,Job Board,1369,2023-09-26
407,160,Agency Fee,958,2020-02-15
408,161,Agency Fee,1683,2021-02-12
409,161,Job Board,436,2023-03-14
410,162,Recruiter Salary,173,2023-06-19
411,162,Background Check,904,2021-03-28
412,162,Background Check,724,2020-11-04
413,163,Recruiter Salary,1444,2020-03-29
414,163,Background Check,1982,2020-10-23
415,163,Background Check,347,2023-09-21
416,164,Referral Bonus,974,2021-09-09
417,164,Agency Fee,1425,2020-07-13
418,165,Agency Fee,1396,2022-02-16
419,165,Agency Fee,908,2020-10-04
420,165,Recruiter Salary,544,2020-07-20
421,166,Recruiter Salary,1926,2021-12-29
422,166,Referral Bonus,1659,2023-07-17
423,166,Referral Bonus,111,2023-08-21
424,167,Background Check,472,2023-09-27
425,167,Recruiter Salary,1915,2021-05-15
426,168,Agency Fee,837,2021-02-24
427,168,Recruiter Salary,1076,2022-12-13
428,169,Agency Fee,454,2022-09-08
429,169,Referral Bonus,1778,2022-02-21
430,170,Job Board,1381,2020-07-01
431,170,Job Board,1233,2021-06-28
432,171,Referral Bonus,761,2023-08-27
433,171,Agency Fee,115,2020-02-12
434,172,Recruiter Salary,1033,2022-02-22
435,172,Agency Fee,1222,2021-11-09
436,172,Background Check,433,2020-08-03
437,173,Agency Fee,1018,2020-02-26
438,173,Job Board,249,2022-09-08
439,173,Referral Bonus,647,2021-10-25
440,174,Recruiter Salary,1391,2023-03-25
441,174,Recruiter Salary,1045,2020-06-23
442,175,Agency Fee,1533,2022-12-25
443,175,Referral Bonus,552,2020-02-23
444,175,Referral Bonus,688,2020-02-09
445,176,Referral Bonus,811,2020-01-23
446,176,Background Check,703,2022-12-05
447,176,Background Check,1787,2022-12-04
448,177,Recruiter Salary,1455,2022-05-29
449,177,Agency Fee,141,2020-12-22
450,178,Recruiter Salary,1301,2023-06-14
451,178,Referral Bonus,537,2023-02-08
452,178,Job Board,1916,2022-09-23
453,179,Agency Fee,999,2020-07-01
454,179,Agency Fee,811,2022-07-11
455,180,Background Check,1437,2022-02-17
456,180,Recruiter Salary,1638,2022-07-07
457,181,Background Check,2000,2022-11-22
458,181,Recruiter Salary,387,2020-06-19
459,182,Recruiter Salary,1046,2023-01-10
460,182,Referral Bonus,902,2021-05-08
461,182,Agency Fee,1176,2023-02-21
462,183,Recruiter Salary,1189,2021-10-17
463,183,Job Board,278,2023-02-02
464,184,Recruiter Salary,963,2023-05-13
465,184,Agency Fee,1988,2020-10-24
466,185,Recruiter Salary,1949,2023-07-31
467,185,Job Board,208,2020-07-10
468,185,Job Board,1214,2020-12-30
469,186,Referral Bonus,1774,2021-07-25
470,186,Job Board,215,2021-11-01
471,186,Background Check,1247,2022-09-06
472,187,Agency Fee,975,2024-01-21
473,187,Job Board,1715,2023-02-27
474,187,Agency Fee,1721,2022-01-07
475,188,Recruiter Salary,1366,2022-12-05
476,188,Recruiter Salary,1218,2020-09-29
477,188,Referral Bonus,977,2022-11-13
478,189,Recruiter Salary,1884,2023-05-24
479,189,Recruiter Salary,1433,2023-12-18
480,190,Job Board,1009,2024-02-02
481,190,Referral Bonus,178,2023-04-01
482,191,Referral Bonus,245,2022-09-30
483,191,Background Check,1596,2020-03-03
484,192,Referral Bonus,564,2023-12-18
485,192,Referral Bonus,610,2023-06-01
486,192,Recruiter Salary,1212,2022-09-26
487,193,Agency Fee,1988,2020-06-29
488,193,Referral Bonus,1971,2022-11-21
489,194,Referral Bonus,1901,2022-01-08
490,194,Job Board,992,2023-09-16
491,194,Job Board,309,2022-12-25
492,195,Job Board,437,2022-11-23
493,195,Referral Bonus,1472,2023-03-24
494,195,Agency Fee,1717,2021-06-28
495,196,Background Check,667,2023-04-29
496,196,Background Check,649,2023-11-08
497,196,Background Check,666,2021-11-14
498,197,Background Check,1699,2020-07-28
499,197,Referral Bonus,1542,2022-08-06
500,198,Agency Fee,1958,2022-08-08
501,198,Agency Fee,1195,2021-03-19
502,198,Job Board,872,2020-06-09
503,199,Recruiter Salary,716,2021-08-06
504,199,Referral Bonus,1307,2024-01-01
505,200,Referral Bonus,1919,2023-04-07
506,200,Background Check,1985,2023-05-02
507,200,Recruiter Salary,584,2020-01-09
508,201,Background Check,1309,2022-12-22
509,201,Recruiter Salary,1523,2020-06-21
510,201,Referral Bonus,894,2020-12-16
511,202,Referral Bonus,1106,2022-01-26
512,202,Background Check,1574,2022-10-12
513,202,Recruiter Salary,915,2020-05-19
514,203,Referral Bonus,1865,2023-06-29
515,203,Job Board,405,2021-01-20
516,203,Background Check,1829,2022-03-25
517,204,Agency Fee,1784,2020-09-03
518,204,Recruiter Salary,333,2020-07-11
519,205,Recruiter Salary,1411,2023-05-08
520,205,Recruiter Salary,239,2023-03-02
521,206,Agency Fee,1925,2023-09-27
522,206,Background Check,411,2020-06-11
523,207,Recruiter Salary,289,2021-12-03
524,207,Job Board,823,2023-10-20
525,208,Background Check,611,2021-01-13
526,208,Job Board,951,2023-09-21
527,209,Background Check,1065,2022-09-13
528,209,Agency Fee,530,2023-11-19
529,210,Agency Fee,125,2020-11-10
530,210,Agency Fee,384,2021-10-15
531,211,Job Board,331,2021-08-01
532,211,Background Check,365,2023-05-14
533,212,Job Board,913,2023-04-08
534,212,Background Check,1065,2023-04-04
535,212,Background Check,1656,2021-02-12
536,213,Background Check,410,2022-05-04
537,213,Referral Bonus,1109,2023-10-04
538,214,Background Check,1435,2023-11-25
539,214,Background Check,1830,2021-08-26
540,215,Background Check,888,2020-09-15
541,215,Job Board,1046,2021-07-12
542,216,Background Check,1211,2023-09-05
543,216,Recruiter Salary,1327,2020-02-26
544,216,Job Board,154,2023-05-28
545,217,Referral Bonus,712,2021-03-07
546,217,Recruiter Salary,677,2022-03-10
547,218,Recruiter Salary,773,2022-08-23
548,218,Agency Fee,682,2020-08-12
549,218,Recruiter Salary,209,2021-11-19
550,219,Referral Bonus,1168,2020-12-06
551,219,Job Board,684,2022-07-08
552,220,Referral Bonus,721,2020-04-25
553,220,Background Check,1581,2021-07-26
554,221,Recruiter Salary,1271,2020-09-29
555,221,Job Board,976,2022-05-17
556,222,Agency Fee,1869,2022-08-30
557,222,Background Check,666,2022-09-24
558,222,Recruiter Salary,1381,2022-07-15
559,223,Job Board,1032,2021-03-15
560,223,Job Board,478,2022-02-17
561,223,Agency Fee,1976,2020-01-04
562,224,Background Check,332,2020-02-07
563,224,Referral Bonus,1923,2023-11-01
564,225,Job Board,602,2023-09-25
565,225,Referral Bonus,314,2020-04-05
566,225,Recruiter Salary,1737,2020-07-28
567,226,Recruiter Salary,1950,2020-11-23
568,226,Agency Fee,103,2023-06-16
569,227,Background Check,1814,2022-01-16
570,227,Referral Bonus,339,2022-03-10
571,228,Referral Bonus,285,2023-08-15
572,228,Job Board,808,2020-07-31
573,228,Referral Bonus,340,2020-08-16
574,229,Agency Fee,1989,2022-07-26
575,229,Recruiter Salary,682,2022-04-19
576,230,Job Board,1145,2022-07-21
577,230,Job Board,137,2020-06-28
578,231,Referral Bonus,352,2020-09-25
579,231,Job Board,1149,2020-08-10
580,231,Agency Fee,651,2020-04-04
581,232,Job Board,309,2021-11-02
582,232,Job Board,1669,2020-03-12
583,232,Referral Bonus,1252,2023-07-24
584,233,Job Board,702,2022-12-14
585,233,Agency Fee,267,2020-06-21
586,233,Background Check,1543,2022-03-04
587,234,Agency Fee,115,2022-03-24
588,234,Job Board,1572,2023-04-21
589,235,Referral Bonus,1417,2022-11-28
590,235,Referral Bonus,461,2021-07-17
591,235,Job Board,1323,2020-02-09
592,236,Background Check,919,2023-06-28
593,236,Referral Bonus,1595,2023-12-10
594,236,Recruiter Salary,438,2020-01-10
595,237,Recruiter Salary,1474,2022-07-12
596,237,Recruiter Salary,1993,2020-10-07
597,237,Referral Bonus,218,2023-11-27
598,238,Referral Bonus,1839,2020-10-18
599,238,Agency Fee,1111,2020-04-12
600,239,Job Board,614,2023-07-16
601,239,Referral Bonus,630,2020-12-08
602,239,Recruiter Salary,1032,2023-04-12
603,240,Background Check,1852,2020-12-01
604,240,Background Check,1379,2021-11-22
605,240,Background Check,1896,2022-05-27
606,241,Job Board,912,2023-04-25
607,241,Background Check,771,2021-11-19
608,241,Job Board,721,2021-10-27
609,242,Recruiter Salary,287,2022-03-03
610,242,Recruiter Salary,1833,2021-06-17
611,242,Job Board,1655,2021-01-05
612,243,Agency Fee,716,2020-06-13
613,243,Referral Bonus,934,2023-01-25
614,243,Background Check,1317,2023-04-22
615,244,Agency Fee,1635,2020-06-15
616,244,Job Board,992,2020-02-25
617,245,Background Check,1730,2020-12-04
618,245,Recruiter Salary,624,2023-01-19
619,246,Background Check,1844,2022-03-03
620,246,Agency Fee,259,2022-12-29
621,246,Referral Bonus,1953,2022-12-10
622,247,Background Check,544,2021-10-18
623,247,Background Check,901,2022-03-23
624,247,Job Board,177,2020-10-21
625,248,Recruiter Salary,1454,2023-12-19
626,248,Referral Bonus,1666,2023-05-13
627,249,Referral Bonus,1462,2023-11-01
628,249,Job Board,1290,2020-05-27
629,249,Recruiter Salary,1346,2023-06-27
630,250,Referral Bonus,1354,2020-08-17
631,250,Agency Fee,1484,2020-10-17
632,251,Agency Fee,1221,2021-11-10
633,251,Referral Bonus,748,2020-06-21
634,252,Referral Bonus,1950,2020-08-19
635,252,Agency Fee,596,2020-05-13
636,252,Agency Fee,1314,2020-02-11
637,253,Agency Fee,284,2022-02-10
638,253,Recruiter Salary,1824,2020-02-24
639,253,Referral Bonus,1514,2020-10-16
640,254,Job Board,1241,2020-01-04
641,254,Background Check,442,2023-12-12
642,255,Agency Fee,1554,2022-12-03
643,255,Recruiter Salary,1813,2022-01-21
644,255,Agency Fee,1236,2022-09-21
645,256,Job Board,973,2020-06-23
646,256,Job Board,580,2022-12-05
647,256,Job Board,928,2020-02-05
648,257,Recruiter Salary,1756,2020-04-19
649,257,Recruiter Salary,1523,2020-08-06
650,257,Recruiter Salary,1368,2021-03-28
651,258,Background Check,1651,2022-03-20
652,258,Background Check,304,2020-08-23
653,259,Recruiter Salary,299,2022-01-28
654,259,Referral Bonus,1790,2020-03-22
655,259,Referral Bonus,1072,2020-01-15
656,260,Job Board,1198,2023-10-20
657,260,Referral Bonus,1785,2022-11-14
658,260,Background Check,1477,2024-01-16
659,261,Background Check,346,2021-07-12
660,261,Recruiter Salary,1679,2023-09-15
661,261,Background Check,1758,2021-09-30
662,262,Recruiter Salary,1154,2023-08-20
663,262,Job Board,1954,2022-06-19
664,263,Background Check,655,2022-06-19
665,263,Agency Fee,1143,2021-06-27
666,263,Job Board,918,2021-07-20
667,264,Recruiter Salary,599,2020-11-23
668,264,Referral Bonus,1958,2023-05-19
669,264,Referral Bonus,1368,2022-03-06
670,265,Background Check,240,2021-02-05
671,265,Referral Bonus,1066,2020-07-07
672,265,Agency Fee,1143,2021-06-19
673,266,Job Board,657,2020-09-30
674,266,Referral Bonus,796,2022-02-24
675,267,Recruiter Salary,358,2021-08-16
676,267,Job Board,1715,2021-08-14
677,267,Job Board,1443,2024-01-04
678,268,Agency Fee,154,2022-05-31
679,268,Recruiter Salary,574,2022-03-07
680,268,Agency Fee,1548,2022-02-21
681,269,Recruiter Salary,558,2021-12-20
682,269,Agency Fee,772,2021-06-30
683,269,Referral Bonus,278,2020-11-30
684,270,Job Board,541,2022-04-28
685,270,Recruiter Salary,940,2021-04-13
686,271,Job Board,380,2020-01-01
687,271,Job Board,1833,2020-05-06
688,271,Recruiter Salary,382,2021-05-01
689,272,Referral Bonus,1604,2023-01-17
690,272,Referral Bonus,1324,2022-04-12
691,273,Agency Fee,1672,2022-01-10
692,273,Recruiter Salary,1834,2021-07-07
693,274,Agency Fee,707,2021-02-25
694,274,Agency Fee,686,2023-12-24
695,274,Agency Fee,617,2021-10-12
696,275,Referral Bonus,1280,2021-01-24
697,275,Job Board,264,2023-08-10
698,276,Referral Bonus,1935,2020-02-29
699,276,Referral Bonus,832,2022-09-23
700,277,Agency Fee,254,2021-11-11
701,277,Job Board,1439,2020-04-23
702,278,Recruiter Salary,509,2023-06-20
703,278,Job Board,290,2023-09-13
704,279,Background Check,1805,2022-05-16
705,279,Job Board,449,2020-07-17
706,280,Background Check,1622,2022-10-11
707,280,Recruiter Salary,816,2021-10-30
708,281,Job Board,379,2020-02-09
709,281,Agency Fee,777,2023-11-22
710,281,Referral Bonus,1457,2020-03-19
711,282,Recruiter Salary,1334,2022-10-21
712,282,Job Board,1485,2022-04-09
713,283,Job Board,978,2023-02-12
714,283,Recruiter Salary,1803,2022-07-25
715,283,Job Board,322,2022-11-24
716,284,Agency Fee,668,2020-03-01
717,284,Agency Fee,1500,2020-07-21
718,284,Referral Bonus,784,2023-05-30
719,285,Job Board,518,2021-09-12
720,285,Job Board,625,2020-08-09
721,286,Background Check,1728,2024-01-23
722,286,Background Check,1371,2023-04-26
723,286,Recruiter Salary,1983,2022-04-03
724,287,Recruiter Salary,1107,2023-04-07
725,287,Recruiter Salary,1276,2022-12-02
726,288,Agency Fee,1526,2023-07-02
727,288,Recruiter Salary,258,2020-07-08
728,289,Recruiter Salary,512,2020-11-08
729,289,Job Board,1100,2020-09-07
730,289,Referral Bonus,156,2020-09-12
731,290,Background Check,659,2022-11-11
732,290,Recruiter Salary,1080,2020-05-03
733,290,Job Board,1415,2022-07-06
734,291,Referral Bonus,560,2023-10-29
735,291,Recruiter Salary,1713,2023-10-04
736,291,Agency Fee,842,2023-11-18
737,292,Recruiter Salary,765,2021-12-17
738,292,Agency Fee,988,2021-04-29
739,293,Agency Fee,1626,2023-10-31
740,293,Agency Fee,1492,2022-10-07
741,294,Job Board,1452,2021-08-17
742,294,Recruiter Salary,1737,2021-10-16
743,294,Referral Bonus,1051,2023-12-14
744,295,Agency Fee,204,2023-03-21
745,295,Background Check,618,2021-08-06
746,295,Job Board,1578,2021-03-12
747,296,Agency Fee,814,2020-05-25
748,296,Recruiter Salary,1295,2022-08-22
749,296,Background Check,1419,2020-03-23
750,297,Agency Fee,1434,2021-08-21
751,297,Recruiter Salary,1101,2023-08-20
752,297,Agency Fee,893,2022-05-04
753,298,Background Check,1945,2021-08-12
754,298,Recruiter Salary,856,2020-09-30
755,298,Job Board,703,2021-06-18
756,299,Recruiter Salary,150,2022-02-25
757,299,Agency Fee,1566,2021-12-04
758,299,Referral Bonus,1050,2023-07-11
759,300,Referral Bonus,327,2021-01-02
760,300,Referral Bonus,1308,2023-04-14
761,301,Job Board,582,2021-05-15
762,301,Job Board,1209,2023-02-05
763,302,Agency Fee,1160,2022-08-05
764,302,Background Check,1923,2021-08-25
765,302,Referral Bonus,1216,2023-04-21
766,303,Recruiter Salary,1559,2024-01-24
767,303,Referral Bonus,1062,2022-01-14
768,304,Job Board,1873,2023-10-10
769,304,Background Check,149,2020-10-04
770,305,Job Board,1437,2020-05-25
771,305,Background Check,1023,2023-10-25
772,306,Referral Bonus,261,2022-05-16
773,306,Recruiter Salary,1493,2023-01-18
774,307,Agency Fee,212,2023-10-13
775,307,Recruiter Salary,358,2020-01-01
776,307,Job Board,1854,2022-02-19
777,308,Referral Bonus,1807,2021-06-02
778,308,Agency Fee,966,2021-02-21
779,308,Referral Bonus,1743,2020-06-09
780,309,Background Check,1585,2020-07-26
781,309,Agency Fee,472,2022-03-01
782,309,Referral Bonus,445,2020-01-14
783,310,Recruiter Salary,795,2020-08-21
784,310,Background Check,939,2022-12-12
785,310,Background Check,1605,2020-03-12
786,311,Recruiter Salary,1604,2023-11-30
787,311,Recruiter Salary,636,2023-12-23
788,311,Recruiter Salary,1844,2020-10-28
789,312,Recruiter Salary,1215,2020-05-28
790,312,Agency Fee,1617,2020-01-16
791,312,Agency Fee,1087,2022-05-12
792,313,Referral Bonus,1866,2022-09-08
793,313,Agency Fee,1575,2023-03-01
794,313,Recruiter Salary,1404,2023-05-26
795,314,Job Board,314,2023-06-30
796,314,Job Board,394,2022-01-20
797,315,Job Board,1826,2023-06-25
798,315,Agency Fee,964,2023-01-14
799,316,Agency Fee,1910,2022-02-14
800,316,Referral Bonus,1027,2022-07-08
801,316,Background Check,930,2023-03-26
802,317,Referral Bonus,208,2020-08-03
803,317,Background Check,942,2023-06-19
804,317,Job Board,1534,2020-01-24
805,318,Agency Fee,535,2023-08-18
806,318,Agency Fee,163,2021-06-17
807,318,Agency Fee,1290,2022-02-09
808,319,Referral Bonus,410,2021-04-21
809,319,Referral Bonus,1929,2020-10-29
810,320,Job Board,1401,2023-01-24
811,320,Job Board,878,2020-05-21
812,320,Background Check,1514,2021-10-28
813,321,Job Board,261,2021-06-16
814,321,Job Board,1827,2022-09-27
815,321,Job Board,291,2024-01-30
816,322,Agency Fee,1062,2020-04-30
817,322,Recruiter Salary,608,2022-11-05
818,322,Agency Fee,297,2023-06-13
819,323,Referral Bonus,1565,2021-08-13
820,323,Agency Fee,793,2023-02-11
821,323,Background Check,311,2020-07-26
822,324,Background Check,1313,2024-01-14
823,324,Background Check,1308,2021-05-17
824,324,Job Board,1940,2021-12-03
825,325,Recruiter Salary,396,2020-09-21
826,325,Agency Fee,872,2021-04-30
827,325,Agency Fee,1162,2020-06-01
828,326,Background Check,1437,2021-03-14
829,326,Background Check,1740,2023-01-14
830,326,Background Check,825,2022-08-31
831,327,Recruiter Salary,532,2022-02-28
832,327,Recruiter Salary,153,2020-11-18
833,327,Background Check,1884,2020-12-14
834,328,Recruiter Salary,1949,2021-12-05
835,328,Job Board,118,2021-02-01
836,328,Agency Fee,435,2023-04-21
837,329,Agency Fee,272,2020-09-20
838,329,Referral Bonus,1286,2022-01-01
839,330,Job Board,1584,2020-08-28
840,330,Job Board,177,2022-07-31
841,330,Job Board,1816,2023-10-01
842,331,Job Board,975,2022-11-24
843,331,Agency Fee,1336,2021-12-13
844,331,Recruiter Salary,166,2023-09-18
845,332,Recruiter Salary,103,2022-10-13
846,332,Background Check,1619,2021-07-05
847,333,Background Check,1400,2023-01-17
848,333,Agency Fee,1361,2023-12-10
849,333,Background Check,1875,2020-09-03
850,334,Referral Bonus,1953,2020-02-18
851,334,Background Check,1751,2021-02-27
852,334,Job Board,642,2021-12-18
853,335,Recruiter Salary,1280,2020-10-12
854,335,Background Check,170,2023-11-04
855,335,Recruiter Salary,1873,2022-10-31
856,336,Referral Bonus,368,2022-09-02
857,336,Agency Fee,161,2021-04-04
858,337,Job Board,1787,2021-12-16
859,337,Referral Bonus,821,2020-12-30
860,337,Background Check,1840,2021-05-09
861,338,Referral Bonus,1735,2023-08-27
862,338,Agency Fee,1344,2022-07-31
863,338,Job Board,1909,2021-02-25
864,339,Job Board,1331,2021-01-16
865,339,Referral Bonus,601,2022-09-16
866,339,Background Check,1620,2020-11-02
867,340,Referral Bonus,1253,2023-01-21
868,340,Job Board,1119,2021-01-14
869,340,Agency Fee,1198,2021-02-23
870,341,Referral Bonus,1480,2020-07-20
871,341,Recruiter Salary,343,2020-07-27
872,341,Referral Bonus,1896,2022-07-02
873,342,Job Board,404,2021-01-17
874,342,Job Board,1881,2021-12-22
875,343,Background Check,1515,2022-03-29
876,343,Recruiter Salary,770,2020-11-22
877,343,Background Check,1175,2020-02-22
878,344,Agency Fee,1178,2023-01-23
879,344,Background Check,1644,2022-09-01
880,345,Referral Bonus,1393,2023-12-31
881,345,Referral Bonus,1238,2022-03-07
882,346,Referral Bonus,861,2021-07-29
883,346,Background Check,846,2022-04-04
884,347,Recruiter Salary,1937,2022-07-09
885,347,Background Check,966,2023-01-17
886,348,Recruiter Salary,904,2023-09-30
887,348,Recruiter Salary,1043,2020-11-07
888,348,Background Check,159,2021-11-18
889,349,Referral Bonus,1544,2022-08-24
890,349,Background Check,1789,2023-05-03
891,349,Referral Bonus,720,2022-11-06
892,350,Referral Bonus,1098,2020-03-12
893,350,Agency Fee,1312,2023-10-17
894,350,Agency Fee,792,2021-02-24
895,351,Referral Bonus,898,2023-01-31
896,351,Job Board,1785,2024-02-01
897,352,Recruiter Salary,1575,2023-11-02
898,352,Referral Bonus,1248,2020-07-07
899,353,Background Check,1117,2020-12-16
900,353,Background Check,705,2022-01-19
901,353,Recruiter Salary,1178,2021-01-20
902,354,Job Board,1316,2020-08-22
903,354,Referral Bonus,1646,2020-02-18
904,355,Recruiter Salary,839,2022-05-19
905,355,Agency Fee,772,2022-02-18
906,355,Job Board,664,2021-07-03
907,356,Agency Fee,1868,2023-08-01
908,356,Background Check,265,2022-10-27
909,356,Recruiter Salary,429,2021-12-11
910,357,Agency Fee,1930,2020-10-21
911,357,Job Board,378,2021-02-21
912,358,Job Board,1545,2021-01-22
913,358,Referral Bonus,671,2023-12-21
914,358,Agency Fee,1152,2022-10-15
915,359,Job Board,1444,2023-09-07
916,359,Recruiter Salary,883,2020-10-30
917,360,Job Board,499,2020-11-11
918,360,Job Board,1276,2023-08-02
919,360,Agency Fee,1401,2021-09-08
920,361,Referral Bonus,1434,2020-05-13
921,361,Background Check,677,2022-02-14
922,361,Referral Bonus,193,2021-07-05
923,362,Background Check,1748,2020-08-14
924,362,Agency Fee,349,2020-01-20
925,363,Job Board,1241,2022-01-11
926,363,Recruiter Salary,1857,2022-05-23
927,364,Agency Fee,221,2023-05-06
928,364,Job Board,124,2023-03-11
929,364,Background Check,1599,2021-04-04
930,365,Agency Fee,141,2022-07-27
931,365,Background Check,226,2022-06-25
932,365,Referral Bonus,883,2020-12-14
933,366,Job Board,116,2022-04-15
934,366,Agency Fee,286,2022-02-06
935,366,Background Check,235,2022-07-26
936,367,Referral Bonus,401,2021-10-10
937,367,Agency Fee,210,2023-12-31
938,368,Recruiter Salary,1545,2020-12-10
939,368,Agency Fee,1564,2020-05-05
940,368,Background Check,1202,2021-02-23
941,369,Agency Fee,1326,2022-05-23
942,369,Recruiter Salary,1456,2020-06-17
943,370,Job Board,1004,2023-03-04
944,370,Agency Fee,1413,2023-09-13
945,370,Agency Fee,326,2024-02-05
946,371,Job Board,1605,2020-12-21
947,371,Agency Fee,348,2022-08-05
948,371,Referral Bonus,1287,2023-08-12
949,372,Recruiter Salary,1036,2020-05-23
950,372,Recruiter Salary,919,2023-03-21
951,372,Job Board,1358,2022-05-17
952,373,Referral Bonus,1073,2022-06-15
953,373,Recruiter Salary,861,2022-03-07
954,374,Recruiter Salary,479,2020-12-31
955,374,Referral Bonus,1943,2023-08-23
956,375,Recruiter Salary,1617,2021-12-05
957,375,Agency Fee,1434,2023-06-06
958,375,Job Board,1076,2023-01-14
959,376,Job Board,1467,2020-09-10
960,376,Job Board,1456,2020-08-23
961,377,Referral Bonus,1826,2021-07-30
962,377,Referral Bonus,668,2020-12-22
963,377,Background Check,1235,2023-02-23
964,378,Referral Bonus,1890,2022-10-05
965,378,Referral Bonus,554,2020-12-02
966,379,Referral Bonus,1623,2023-07-04
967,379,Agency Fee,890,2022-10-08
968,380,Referral Bonus,934,2023-10-11
969,380,Agency Fee,1742,2020-06-21
970,380,Job Board,515,2020-10-24
971,381,Referral Bonus,1745,2020-09-21
972,381,Background Check,1545,2023-04-15
973,382,Background Check,1983,2023-12-01
974,382,Recruiter Salary,199,2023-06-20
975,382,Referral Bonus,631,2022-11-05
976,383,Referral Bonus,327,2020-07-01
977,383,Referral Bonus,1242,2022-04-19
978,384,Background Check,239,2022-08-17
979,384,Background Check,129,2023-08-15
980,385,Job Board,304,2023-07-03
981,385,Background Check,1779,2023-09-25
982,386,Background Check,1481,2022-07-24
983,386,Job Board,1541,2021-07-07
984,387,Background Check,946,2023-12-23
985,387,Agency Fee,762,2023-04-11
986,387,Background Check,1314,2023-07-30
987,388,Recruiter Salary,1365,2022-02-22
988,388,Agency Fee,305,2021-03-04
989,389,Background Check,1816,2020-06-07
990,389,Referral Bonus,1028,2022-06-09
991,389,Agency Fee,120,2020-06-08
992,390,Agency Fee,903,2020-01-21
993,390,Job Board,1442,2021-01-26
994,391,Recruiter Salary,1217,2022-09-27
995,391,Job Board,779,2020-11-18
996,392,Agency Fee,865,2023-08-05
997,392,Recruiter Salary,1388,2023-12-08
998,393,Background Check,931,2021-01-05
999,393,Background Check,1885,2020-05-24
1000,394,Recruiter Salary,1320,2020-01-16
1001,394,Referral Bonus,1845,2020-09-08
1002,394,Background Check,1645,2020-05-27
1003,395,Job Board,246,2021-02-02
1004,395,Recruiter Salary,1430,2020-07-30
1005,396,Agency Fee,426,2023-06-23
1006,396,Background Check,742,2020-12-19
1007,396,Recruiter Salary,1173,2022-03-11
1008,397,Referral Bonus,1376,2021-12-31
1009,397,Background Check,1800,2021-02-11
1010,397,Recruiter Salary,1978,2021-09-26
1011,398,Background Check,920,2021-01-13
1012,398,Referral Bonus,537,2023-11-09
1013,399,Recruiter Salary,1602,2023-10-26
1014,399,Recruiter Salary,1786,2022-12-23
1015,400,Job Board,146,2020-05-24
1016,400,Referral Bonus,498,2023-02-23
1017,401,Referral Bonus,995,2022-07-06
1018,401,Recruiter Salary,762,2022-08-16
1019,402,Referral Bonus,153,2021-07-28
1020,402,Recruiter Salary,186,2021-10-24
1021,402,Referral Bonus,456,2024-01-23
1022,403,Referral Bonus,210,2023-04-13
1023,403,Referral Bonus,1836,2022-03-12
1024,404,Agency Fee,118,2022-12-29
1025,404,Job Board,1618,2020-09-05
1026,404,Referral Bonus,1379,2022-03-24
1027,405,Job Board,1193,2022-01-17
1028,405,Agency Fee,1468,2020-01-19
1029,406,Recruiter Salary,1058,2022-03-07
1030,406,Recruiter Salary,851,2024-01-29
1031,406,Referral Bonus,1153,2022-05-22
1032,407,Agency Fee,1591,2023-08-01
1033,407,Agency Fee,769,2023-11-05
1034,408,Recruiter Salary,590,2021-09-28
1035,408,Job Board,525,2021-06-01
1036,409,Background Check,1606,2021-01-21
1037,409,Agency Fee,697,2022-10-02
1038,409,Recruiter Salary,278,2022-01-17
1039,410,Background Check,451,2022-11-16
1040,410,Agency Fee,713,2021-08-15
1041,411,Recruiter Salary,713,2021-05-05
1042,411,Job Board,1572,2022-08-11
1043,411,Job Board,1860,2022-01-17
1044,412,Job Board,281,2023-01-31
1045,412,Agency Fee,769,2023-07-24
1046,412,Referral Bonus,683,2021-03-31
1047,413,Agency Fee,265,2021-11-11
1048,413,Background Check,1828,2021-04-12
1049,413,Job Board,1934,2022-07-07
1050,414,Job Board,1920,2022-05-25
1051,414,Agency Fee,1517,2022-09-15
1052,414,Background Check,1697,2020-04-08
1053,415,Job Board,944,2020-09-10
1054,415,Referral Bonus,494,2020-07-06
1055,415,Job Board,916,2020-07-10
1056,416,Referral Bonus,1498,2020-06-26
1057,416,Referral Bonus,246,2020-11-24
1058,417,Referral Bonus,1458,2023-03-07
1059,417,Background Check,1406,2023-11-10
1060,417,Background Check,957,2021-01-07
1061,418,Recruiter Salary,257,2021-03-05
1062,418,Recruiter Salary,1073,2021-12-16
1063,418,Agency Fee,1439,2020-02-16
1064,419,Recruiter Salary,1302,2023-03-24
1065,419,Recruiter Salary,377,2020-02-07
1066,420,Recruiter Salary,374,2023-07-03
1067,420,Background Check,820,2023-04-25
1068,421,Background Check,1132,2021-09-01
1069,421,Agency Fee,1688,2021-09-04
1070,422,Agency Fee,213,2022-05-14
1071,422,Agency Fee,525,2020-12-28
1072,422,Background Check,857,2022-11-05
1073,423,Recruiter Salary,273,2021-06-14
1074,423,Background Check,1102,2023-06-03
1075,424,Referral Bonus,1674,2020-10-10
1076,424,Agency Fee,1475,2020-07-27
1077,425,Recruiter Salary,1717,2023-03-31
1078,425,Background Check,1335,2023-09-14
1079,425,Referral Bonus,893,2022-11-01
1080,426,Referral Bonus,654,2020-11-20
1081,426,Background Check,1425,2022-09-28
1082,427,Recruiter Salary,1310,2023-08-29
1083,427,Agency Fee,480,2023-09-15
1084,427,Agency Fee,1075,2020-05-28
1085,428,Background Check,1348,2022-08-30
1086,428,Job Board,707,2022-05-16
1087,428,Recruiter Salary,1675,2021-08-01
1088,429,Referral Bonus,1731,2020-03-25
1089,429,Background Check,1912,2021-11-21
1090,429,Referral Bonus,1984,2020-12-08
1091,430,Job Board,1065,2020-11-01
1092,430,Job Board,363,2020-11-03
1093,431,Background Check,1449,2020-10-24
1094,431,Background Check,938,2023-02-17
1095,432,Job Board,1367,2022-08-01
1096,432,Agency Fee,1368,2024-01-11
1097,432,Agency Fee,310,2022-07-11
1098,433,Referral Bonus,1543,2022-12-15
1099,433,Referral Bonus,1305,2020-04-15
1100,433,Background Check,328,2020-05-12
1101,434,Job Board,1984,2021-11-01
1102,434,Recruiter Salary,931,2022-04-28
1103,434,Job Board,1055,2024-01-13
1104,435,Agency Fee,493,2022-04-19
1105,435,Agency Fee,1542,2020-11-26
1106,435,Recruiter Salary,960,2022-01-21
1107,436,Background Check,704,2021-12-02
1108,436,Agency Fee,1048,2023-03-06
1109,436,Background Check,1807,2020-12-17
1110,437,Agency Fee,1742,2021-07-06
1111,437,Referral Bonus,910,2020-02-15
1112,437,Job Board,1657,2021-03-12
1113,438,Referral Bonus,1878,2020-07-17
1114,438,Agency Fee,1810,2022-12-26
1115,438,Recruiter Salary,865,2023-03-13
1116,439,Recruiter Salary,885,2021-08-27
1117,439,Referral Bonus,491,2021-05-05
1118,439,Recruiter Salary,944,2022-09-02
1119,440,Referral Bonus,1026,2020-05-03
1120,440,Referral Bonus,383,2022-08-06
1121,440,Recruiter Salary,914,2021-03-12
1122,441,Agency Fee,1934,2020-02-18
1123,441,Background Check,1407,2020-11-05
1124,442,Job Board,250,2023-06-13
1125,442,Agency Fee,485,2022-06-28
1126,443,Job Board,332,2021-10-06
1127,443,Referral Bonus,1810,2022-08-13
1128,443,Agency Fee,194,2022-06-30
1129,444,Recruiter Salary,1128,2023-06-28
1130,444,Job Board,842,2023-01-28
1131,444,Referral Bonus,570,2021-10-30
1132,445,Recruiter Salary,182,2023-09-27
1133,445,Referral Bonus,1460,2022-01-10
1134,446,Agency Fee,340,2021-07-06
1135,446,Referral Bonus,957,2020-02-29
1136,447,Agency Fee,856,2020-08-24
1137,447,Agency Fee,482,2021-03-12
1138,447,Background Check,1177,2021-01-10
1139,448,Recruiter Salary,729,2020-01-18
1140,448,Referral Bonus,488,2022-07-10
1141,449,Background Check,1340,2020-01-22
1142,449,Recruiter Salary,1224,2020-05-19
1143,450,Job Board,1579,2020-12-16
1144,450,Referral Bonus,822,2022-03-22
1145,450,Recruiter Salary,615,2020-11-14
1146,451,Agency Fee,112,2023-11-26
1147,451,Referral Bonus,853,2022-12-29
1148,452,Recruiter Salary,1065,2022-05-22
1149,452,Recruiter Salary,1723,2021-10-14
1150,452,Job Board,1903,2020-10-10
1151,453,Background Check,1928,2022-10-14
1152,453,Job Board,955,2023-11-23
1153,453,Job Board,868,2023-04-19
1154,454,Referral Bonus,728,2020-06-15
1155,454,Referral Bonus,148,2020-12-17
1156,455,Referral Bonus,175,2022-07-01
1157,455,Background Check,1068,2020-04-13
1158,456,Background Check,1496,2021-07-27
1159,456,Background Check,1779,2022-10-09
1160,456,Referral Bonus,352,2022-11-30
1161,457,Referral Bonus,1507,2023-03-25
1162,457,Agency Fee,904,2021-10-15
1163,458,Recruiter Salary,683,2022-02-18
1164,458,Agency Fee,1327,2023-01-09
1165,459,Background Check,1467,2023-02-28
1166,459,Referral Bonus,1601,2021-11-07
1167,460,Job Board,1018,2022-02-02
1168,460,Recruiter Salary,943,2023-06-19
1169,461,Job Board,180,2023-07-29
1170,461,Job Board,1896,2020-08-26
1171,461,Agency Fee,1945,2020-08-11
1172,462,Recruiter Salary,483,2020-02-22
1173,462,Recruiter Salary,714,2021-08-21
1174,462,Agency Fee,1129,2020-10-11
1175,463,Job Board,588,2021-06-16
1176,463,Agency Fee,1373,2021-04-30
1177,463,Referral Bonus,973,2022-09-23
1178,464,Job Board,824,2020-09-25
1179,464,Recruiter Salary,1309,2021-05-11
1180,464,Referral Bonus,1776,2021-08-10
1181,465,Recruiter Salary,350,2020-08-05
1182,465,Background Check,1654,2022-04-13
1183,465,Recruiter Salary,1683,2020-02-08
1184,466,Background Check,1530,2020-06-09
1185,466,Agency Fee,1814,2020-01-16
1186,466,Background Check,784,2023-04-15
1187,467,Recruiter Salary,749,2023-10-31
1188,467,Background Check,531,2021-10-24
1189,468,Referral Bonus,1065,2024-01-05
1190,468,Job Board,860,2024-02-09
1191,469,Job Board,973,2023-12-05
1192,469,Referral Bonus,275,2021-09-10
1193,470,Agency Fee,941,2021-11-20
1194,470,Recruiter Salary,1293,2023-11-13
1195,470,Referral Bonus,581,2021-09-20
1196,471,Background Check,1186,2023-12-06
1197,471,Agency Fee,723,2021-08-02
1198,472,Recruiter Salary,1050,2023-02-26
1199,472,Agency Fee,1778,2023-01-18
1200,472,Recruiter Salary,1982,2020-04-03
1201,473,Agency Fee,119,2022-05-08
1202,473,Agency Fee,477,2021-05-08
1203,474,Job Board,235,2022-03-28
1204,474,Job Board,355,2022-03-17
1205,474,Job Board,1438,2021-02-07
1206,475,Recruiter Salary,1755,2021-11-16
1207,475,Agency Fee,1329,2022-07-03
1208,475,Background Check,761,2022-10-27
1209,476,Recruiter Salary,1022,2020-10-10
1210,476,Background Check,302,2023-07-03
1211,476,Job Board,1927,2022-03-14
1212,477,Recruiter Salary,1206,2020-10-02
1213,477,Referral Bonus,1855,2021-06-21
1214,478,Referral Bonus,1762,2020-07-30
1215,478,Recruiter Salary,1582,2023-05-02
1216,479,Agency Fee,1333,2020-06-25
1217,479,Agency Fee,354,2020-01-02
1218,480,Background Check,639,2022-04-25
1219,480,Agency Fee,195,2021-09-16
1220,480,Job Board,1653,2020-11-02
1221,481,Job Board,1297,2022-02-21
1222,481,Recruiter Salary,1832,2023-06-14
1223,481,Background Check,660,2020-12-15
1224,482,Agency Fee,728,2020-03-18
1225,482,Job Board,1009,2020-08-04
1226,482,Background Check,857,2023-06-11
1227,483,Referral Bonus,1731,2020-10-23
1228,483,Agency Fee,1065,2020-04-08
1229,484,Recruiter Salary,1218,2023-08-24
1230,484,Background Check,1330,2024-02-02
1231,484,Job Board,1907,2023-12-22
1232,485,Job Board,402,2020-08-14
1233,485,Background Check,148,2020-12-16
1234,486,Background Check,1312,2021-10-06
1235,486,Agency Fee,1180,2022-05-02
1236,487,Agency Fee,2000,2022-09-30
1237,487,Referral Bonus,650,2022-10-10
1238,487,Referral Bonus,531,2024-01-27
1239,488,Background Check,1835,2021-06-04
1240,488,Job Board,608,2020-04-07
1241,489,Agency Fee,1694,2022-03-28
1242,489,Job Board,1211,2021-12-30
1243,490,Background Check,130,2020-08-11
1244,490,Job Board,1621,2023-07-17
1245,491,Agency Fee,1102,2022-10-27
1246,491,Background Check,1251,2021-03-17
1247,491,Recruiter Salary,1685,2023-01-24
1248,492,Job Board,429,2020-08-31
1249,492,Referral Bonus,165,2020-10-26
1250,492,Recruiter Salary,732,2021-03-17
1251,493,Background Check,1206,2023-10-27
1252,493,Referral Bonus,1535,2023-10-29
1253,493,Agency Fee,1508,2022-01-31
1254,494,Recruiter Salary,787,2020-02-14
1255,494,Agency Fee,298,2021-03-07
1256,494,Recruiter Salary,990,2020-06-23
1257,495,Job Board,1804,2021-10-26
1258,495,Agency Fee,213,2021-11-29
1259,496,Background Check,598,2022-09-10
1260,496,Referral Bonus,315,2021-10-10
1261,497,Background Check,494,2021-10-06
1262,497,Recruiter Salary,1610,2020-04-06
1263,498,Recruiter Salary,1496,2021-06-16
1264,498,Recruiter Salary,732,2023-11-26
1265,499,Background Check,1192,2023-08-29
1266,499,Job Board,717,2021-08-11
1267,500,Job Board,1321,2021-02-22
1268,500,Job Board,827,2020-01-04
1269,501,Job Board,173,2023-02-12
1270,501,Agency Fee,1504,2023-08-14
1271,502,Job Board,1599,2023-05-16
1272,502,Agency Fee,718,2020-05-24
1273,503,Agency Fee,1548,2023-08-20
1274,503,Referral Bonus,1782,2023-06-20
1275,503,Recruiter Salary,374,2020-01-10
1276,504,Job Board,1373,2021-10-18
1277,504,Referral Bonus,793,2022-03-19
1278,505,Referral Bonus,1421,2021-03-10
1279,505,Background Check,1182,2022-04-29
1280,506,Agency Fee,369,2022-02-04
1281,506,Job Board,118,2023-04-01
1282,506,Referral Bonus,1667,2022-03-29
1283,507,Agency Fee,1029,2022-10-19
1284,507,Recruiter Salary,1815,2020-01-01
1285,508,Recruiter Salary,439,2022-01-19
1286,508,Background Check,143,2020-10-28
1287,509,Background Check,1127,2022-05-15
1288,509,Job Board,1040,2021-01-22
1289,510,Job Board,114,2020-04-23
1290,510,Background Check,572,2020-01-23
1291,511,Agency Fee,729,2021-11-20
1292,511,Agency Fee,1216,2020-01-10
1293,512,Background Check,1364,2024-02-07
1294,512,Agency Fee,937,2022-12-11
1295,513,Job Board,333,2020-09-01
1296,513,Job Board,993,2023-03-19
1297,513,Background Check,1134,2021-10-18
1298,514,Background Check,1918,2020-09-18
1299,514,Referral Bonus,1959,2021-08-15
1300,514,Referral Bonus,806,2021-10-13
1301,515,Background Check,1556,2020-07-29
1302,515,Agency Fee,1857,2020-12-16
1303,516,Recruiter Salary,1773,2024-02-01
1304,516,Recruiter Salary,1271,2022-07-23
1305,517,Recruiter Salary,920,2024-02-01
1306,517,Job Board,1088,2020-07-05
1307,518,Agency Fee,523,2021-02-03
1308,518,Job Board,195,2024-02-07
1309,518,Background Check,1276,2020-09-27
1310,519,Job Board,418,2023-05-18
1311,519,Recruiter Salary,674,2022-07-12
1312,519,Recruiter Salary,522,2021-02-22
1313,520,Agency Fee,1859,2022-02-14
1314,520,Background Check,958,2022-10-24
1315,520,Job Board,1604,2022-12-13
1316,521,Referral Bonus,1443,2020-03-14
1317,521,Recruiter Salary,420,2021-03-08
1318,522,Job Board,1291,2021-08-16
1319,522,Job Board,1267,2023-04-18
1320,522,Agency Fee,995,2020-06-30
1321,523,Referral Bonus,659,2020-05-12
1322,523,Job Board,276,2021-03-22
1323,524,Referral Bonus,1846,2022-05-30
1324,524,Agency Fee,1957,2022-02-13
1325,525,Referral Bonus,270,2022-05-20
1326,525,Job Board,908,2023-12-11
1327,525,Background Check,763,2020-09-18
1328,526,Agency Fee,1440,2023-07-19
1329,526,Recruiter Salary,1922,2022-02-26
1330,527,Job Board,590,2021-05-17
1331,527,Background Check,1316,2021-12-18
1332,528,Background Check,625,2022-04-06
1333,528,Background Check,676,2021-11-04
1334,528,Agency Fee,377,2020-11-14
1335,529,Agency Fee,260,2021-08-31
1336,529,Referral Bonus,889,2022-12-20
1337,530,Agency Fee,1361,2022-03-04
1338,530,Background Check,784,2022-06-07
1339,530,Agency Fee,1291,2022-05-22
1340,531,Background Check,1095,2021-09-19
1341,531,Agency Fee,183,2023-05-27
1342,531,Job Board,1673,2021-09-21
1343,532,Agency Fee,1608,2020-02-23
1344,532,Referral Bonus,720,2023-02-25
1345,533,Referral Bonus,407,2022-05-27
1346,533,Recruiter Salary,437,2022-04-04
1347,534,Agency Fee,876,2022-02-01
1348,534,Recruiter Salary,370,2023-12-13
1349,535,Job Board,1046,2020-07-10
1350,535,Job Board,1279,2022-07-12
1351,535,Background Check,1260,2021-06-18
1352,536,Recruiter Salary,557,2024-01-08
1353,536,Referral Bonus,571,2023-04-27
1354,536,Background Check,937,2020-04-29
1355,537,Background Check,1426,2023-03-18
1356,537,Background Check,1551,2020-10-16
1357,537,Background Check,1655,2023-09-19
1358,538,Referral Bonus,611,2020-11-03
1359,538,Job Board,1425,2023-09-08
1360,538,Recruiter Salary,146,2023-03-03
1361,539,Recruiter Salary,668,2021-02-02
1362,539,Job Board,1061,2024-02-02
1363,539,Referral Bonus,161,2020-02-27
1364,540,Agency Fee,421,2023-01-06
1365,540,Job Board,715,2023-07-11
1366,541,Recruiter Salary,1356,2022-10-08
1367,541,Referral Bonus,1545,2020-02-17
1368,542,Referral Bonus,1513,2022-11-17
1369,542,Background Check,1538,2020-09-24
1370,543,Referral Bonus,1820,2022-10-21
1371,543,Job Board,636,2023-02-06
1372,544,Agency Fee,428,2020-01-25
1373,544,Referral Bonus,319,2022-09-18
1374,545,Recruiter Salary,1496,2022-12-20
1375,545,Referral Bonus,1744,2022-06-10
1376,545,Agency Fee,563,2020-12-22
1377,546,Agency Fee,1829,2020-06-17
1378,546,Job Board,380,2020-12-11
1379,547,Background Check,522,2021-04-22
1380,547,Job Board,901,2020-10-18
1381,548,Job Board,1316,2020-10-13
1382,548,Background Check,1337,2023-06-25
1383,548,Recruiter Salary,475,2023-06-06
1384,549,Recruiter Salary,1722,2021-02-26
1385,549,Background Check,1836,2023-03-03
1386,549,Referral Bonus,972,2020-01-05
1387,550,Background Check,915,2021-11-10
1388,550,Job Board,1154,2020-01-15
1389,551,Recruiter Salary,104,2021-11-07
1390,551,Agency Fee,278,2023-09-24
1391,552,Recruiter Salary,1338,2021-09-26
1392,552,Agency Fee,1261,2021-06-02
1393,553,Referral Bonus,904,2023-03-12
1394,553,Background Check,544,2021-03-11
1395,554,Recruiter Salary,1345,2022-11-06
1396,554,Background Check,1923,2020-11-22
1397,555,Agency Fee,993,2020-02-22
1398,555,Background Check,412,2020-06-11
1399,556,Background Check,444,2022-03-01
1400,556,Referral Bonus,1116,2021-03-24
1401,557,Job Board,1604,2020-04-04
1402,557,Agency Fee,729,2020-12-27
1403,558,Recruiter Salary,841,2023-09-30
1404,558,Agency Fee,1108,2022-02-04
1405,559,Referral Bonus,1785,2022-07-10
1406,559,Agency Fee,1292,2021-01-19
1407,560,Background Check,934,2021-07-12
1408,560,Job Board,1185,2023-10-24
1409,561,Recruiter Salary,933,2020-04-29
1410,561,Agency Fee,1064,2023-01-24
1411,561,Recruiter Salary,1554,2024-01-31
1412,562,Background Check,1729,2023-08-08
1413,562,Recruiter Salary,163,2023-10-14
1414,563,Referral Bonus,1137,2023-09-19
1415,563,Recruiter Salary,1167,2020-09-02
1416,563,Background Check,1037,2020-03-12
1417,564,Referral Bonus,365,2021-11-29
1418,564,Agency Fee,1464,2023-10-11
1419,564,Referral Bonus,295,2021-04-29
1420,565,Agency Fee,1894,2020-04-25
1421,565,Background Check,1869,2020-12-03
1422,565,Agency Fee,1030,2022-11-04
1423,566,Agency Fee,115,2023-11-09
1424,566,Agency Fee,1011,2021-11-26
1425,566,Referral Bonus,1264,2021-03-16
1426,567,Referral Bonus,490,2021-07-02
1427,567,Job Board,1655,2020-01-01
1428,568,Background Check,1864,2022-02-25
1429,568,Agency Fee,566,2021-12-20
1430,569,Background Check,1914,2023-11-04
1431,569,Agency Fee,561,2021-01-13
1432,569,Recruiter Salary,906,2020-07-25
1433,570,Referral Bonus,1376,2020-09-18
1434,570,Recruiter Salary,991,2024-02-09
1435,570,Agency Fee,1114,2021-06-25
1436,571,Referral Bonus,1782,2021-02-19
1437,571,Recruiter Salary,1032,2021-04-30
1438,571,Job Board,400,2021-02-24
1439,572,Referral Bonus,1263,2023-08-13
1440,572,Referral Bonus,1116,2020-08-09
1441,573,Job Board,485,2021-02-02
1442,573,Recruiter Salary,1942,2023-10-03
1443,574,Agency Fee,267,2021-01-01
1444,574,Background Check,239,2020-03-20
1445,575,Recruiter Salary,1963,2021-08-12
1446,575,Background Check,210,2020-06-29
1447,576,Agency Fee,1046,2022-07-09
1448,576,Agency Fee,468,2021-11-01
1449,576,Job Board,344,2020-11-01
1450,577,Job Board,246,2023-06-29
1451,577,Background Check,609,2022-04-16
1452,577,Job Board,845,2022-09-08
1453,578,Background Check,515,2022-12-28
1454,578,Referral Bonus,1373,2020-04-29
1455,578,Job Board,445,2021-12-05
1456,579,Recruiter Salary,196,2020-01-13
1457,579,Background Check,561,2022-09-06
1458,579,Referral Bonus,871,2020-05-06
1459,580,Agency Fee,1765,2021-08-22
1460,580,Job Board,1922,2021-01-30
1461,580,Referral Bonus,728,2023-10-14
1462,581,Recruiter Salary,1381,2023-12-26
1463,581,Background Check,253,2023-02-07
1464,582,Referral Bonus,1620,2020-04-05
1465,582,Referral Bonus,531,2020-06-15
1466,582,Referral Bonus,1026,2023-03-04
1467,583,Recruiter Salary,603,2023-05-16
1468,583,Referral Bonus,776,2022-03-30
1469,583,Job Board,1101,2021-07-17
1470,584,Referral Bonus,1464,2020-06-28
1471,584,Background Check,1752,2022-12-21
1472,585,Job Board,1276,2022-05-10
1473,585,Recruiter Salary,405,2020-03-29
1474,586,Background Check,1055,2021-01-08
1475,586,Background Check,946,2023-03-26
1476,586,Job Board,1002,2020-12-26
1477,587,Agency Fee,896,2023-04-22
1478,587,Agency Fee,1718,2022-01-06
1479,587,Recruiter Salary,160,2022-11-07
1480,588,Background Check,1971,2021-06-26
1481,588,Job Board,477,2020-01-17
1482,589,Background Check,117,2022-02-20
1483,589,Recruiter Salary,433,2023-08-01
1484,589,Recruiter Salary,1114,2021-09-23
1485,590,Background Check,1609,2022-12-03
1486,590,Recruiter Salary,1642,2021-11-01
1487,590,Job Board,983,2020-10-08
1488,591,Agency Fee,775,2022-12-26
1489,591,Job Board,387,2023-11-16
1490,592,Recruiter Salary,1502,2020-03-12
1491,592,Job Board,761,2021-07-16
1492,592,Job Board,687,2020-12-08
1493,593,Agency Fee,548,2022-02-02
1494,593,Recruiter Salary,196,2021-01-08
1495,594,Job Board,426,2020-03-26
1496,594,Job Board,1133,2023-05-19
1497,594,Referral Bonus,1806,2020-03-03
1498,595,Recruiter Salary,507,2022-10-07
1499,595,Referral Bonus,940,2022-01-20
1500,596,Job Board,1809,2020-05-17
1501,596,Job Board,320,2020-01-14
1502,596,Job Board,1315,2022-09-12
1503,597,Background Check,1295,2020-09-02
1504,597,Job Board,116,2021-08-03
1505,597,Referral Bonus,1625,2020-11-29
1506,598,Background Check,1630,2022-09-21
1507,598,Agency Fee,1809,2021-10-13
1508,599,Referral Bonus,1630,2021-09-26
1509,599,Recruiter Salary,121,2022-11-28
1510,599,Referral Bonus,737,2022-11-03
1511,600,Recruiter Salary,499,2023-09-12
1512,600,Agency Fee,1433,2020-10-31
1513,600,Agency Fee,657,2020-10-17
1514,601,Background Check,731,2020-04-08
1515,601,Background Check,1568,2021-12-02
1516,602,Background Check,364,2023-09-10
1517,602,Recruiter Salary,1837,2021-02-26
1518,603,Background Check,1754,2021-05-02
1519,603,Referral Bonus,540,2021-05-23
1520,603,Referral Bonus,323,2021-06-09
1521,604,Agency Fee,118,2022-07-03
1522,604,Referral Bonus,738,2020-12-15
1523,605,Background Check,740,2021-07-10
1524,605,Job Board,1304,2022-12-04
1525,605,Agency Fee,1777,2022-01-22
1526,606,Recruiter Salary,1284,2023-01-29
1527,606,Referral Bonus,1886,2022-01-07
1528,607,Agency Fee,555,2022-03-05
1529,607,Agency Fee,1418,2021-12-25
1530,607,Agency Fee,1409,2022-08-25
1531,608,Referral Bonus,538,2023-08-17
1532,608,Referral Bonus,517,2022-01-01
1533,609,Background Check,1298,2022-03-06
1534,609,Agency Fee,1101,2022-03-30
1535,610,Referral Bonus,1505,2021-03-17
1536,610,Agency Fee,754,2022-02-18
1537,610,Agency Fee,444,2021-02-11
1538,611,Agency Fee,677,2020-10-30
1539,611,Job Board,1020,2022-07-20
1540,612,Referral Bonus,347,2023-09-06
1541,612,Recruiter Salary,454,2022-11-13
1542,612,Background Check,1850,2022-04-26
1543,613,Recruiter Salary,999,2023-04-05
1544,613,Job Board,127,2020-01-20
1545,613,Recruiter Salary,303,2020-05-27
1546,614,Job Board,1349,2022-11-09
1547,614,Recruiter Salary,1317,2022-05-03
1548,614,Recruiter Salary,1992,2022-06-03
1549,615,Job Board,1723,2021-03-26
1550,615,Recruiter Salary,1898,2021-07-14
1551,615,Background Check,301,2022-12-11
1552,616,Background Check,281,2023-11-13
1553,616,Agency Fee,509,2020-08-23
1554,617,Background Check,595,2022-02-08
1555,617,Background Check,1842,2023-05-13
1556,617,Job Board,1171,2020-09-01
1557,618,Recruiter Salary,1215,2023-08-26
1558,618,Agency Fee,1103,2022-11-07
1559,619,Agency Fee,1080,2024-01-20
1560,619,Recruiter Salary,1580,2020-04-09
1561,619,Background Check,412,2023-04-18
1562,620,Referral Bonus,158,2022-11-13
1563,620,Agency Fee,307,2023-11-23
1564,620,Job Board,1814,2022-02-10
1565,621,Recruiter Salary,186,2023-04-16
1566,621,Agency Fee,465,2022-06-17
1567,621,Background Check,678,2022-05-26
1568,622,Referral Bonus,498,2024-01-07
1569,622,Referral Bonus,1771,2021-04-18
1570,623,Recruiter Salary,1070,2020-01-18
1571,623,Job Board,1938,2022-03-28
1572,623,Background Check,934,2023-08-13
1573,624,Agency Fee,345,2023-02-13
1574,624,Agency Fee,281,2023-02-21
1575,624,Background Check,594,2023-02-13
1576,625,Recruiter Salary,1981,2020-07-26
1577,625,Referral Bonus,1756,2023-06-22
1578,626,Referral Bonus,973,2021-02-04
1579,626,Background Check,1210,2022-03-04
1580,626,Recruiter Salary,533,2022-11-18
1581,627,Recruiter Salary,1439,2021-12-09
1582,627,Job Board,1098,2023-02-27
1583,627,Recruiter Salary,1914,2022-03-16
1584,628,Job Board,1688,2020-09-01
1585,628,Recruiter Salary,1845,2020-02-24
1586,628,Referral Bonus,138,2023-06-14
1587,629,Agency Fee,271,2020-05-11
1588,629,Recruiter Salary,1677,2023-01-07
1589,630,Background Check,1851,2023-11-17
1590,630,Background Check,198,2022-01-05
1591,631,Job Board,1232,2022-06-19
1592,631,Recruiter Salary,1546,2023-01-17
1593,631,Referral Bonus,582,2022-09-06
1594,632,Job Board,1066,2022-02-24
1595,632,Job Board,993,2020-04-13
1596,632,Background Check,1452,2022-07-27
1597,633,Referral Bonus,417,2023-07-14
1598,633,Job Board,222,2022-09-02
1599,633,Job Board,1441,2023-06-15
1600,634,Background Check,202,2020-04-09
1601,634,Agency Fee,1780,2023-03-23
1602,635,Job Board,188,2022-10-30
1603,635,Recruiter Salary,186,2022-07-10
1604,636,Recruiter Salary,1042,2020-01-08
1605,636,Referral Bonus,738,2022-03-11
1606,637,Job Board,241,2022-10-23
1607,637,Referral Bonus,312,2021-05-06
1608,637,Recruiter Salary,1034,2023-03-22
1609,638,Recruiter Salary,855,2023-01-07
1610,638,Background Check,198,2024-01-18
1611,638,Job Board,575,2021-07-24
1612,639,Background Check,514,2022-11-01
1613,639,Background Check,1843,2023-04-26
1614,639,Agency Fee,233,2021-12-11
1615,640,Recruiter Salary,1752,2023-04-01
1616,640,Job Board,366,2023-08-16
1617,641,Recruiter Salary,1271,2022-08-26
1618,641,Background Check,812,2022-05-06
1619,642,Referral Bonus,1437,2021-02-16
1620,642,Agency Fee,428,2021-12-28
1621,642,Background Check,1567,2023-06-07
1622,643,Referral Bonus,1966,2021-06-12
1623,643,Job Board,1300,2021-11-17
1624,644,Background Check,1718,2022-07-30
1625,644,Background Check,102,2022-08-16
1626,644,Recruiter Salary,278,2021-02-10
1627,645,Job Board,1241,2022-09-02
1628,645,Recruiter Salary,423,2020-11-17
1629,646,Referral Bonus,1878,2022-03-28
1630,646,Job Board,926,2024-01-21
1631,647,Recruiter Salary,198,2023-04-04
1632,647,Background Check,228,2021-06-12
1633,647,Job Board,483,2021-03-02
1634,648,Agency Fee,2000,2021-08-30
1635,648,Job Board,119,2022-09-02
1636,649,Agency Fee,1895,2023-09-01
1637,649,Recruiter Salary,716,2021-03-18
1638,649,Background Check,373,2020-02-21
1639,650,Recruiter Salary,1831,2020-04-03
1640,650,Background Check,1090,2021-10-27
1641,650,Job Board,1573,2021-06-14
1642,651,Agency Fee,1427,2021-02-14
1643,651,Referral Bonus,572,2023-12-10
1644,652,Background Check,1633,2023-12-07
1645,652,Agency Fee,938,2023-07-11
1646,652,Job Board,387,2020-04-02
1647,653,Referral Bonus,746,2023-09-19
1648,653,Background Check,1287,2022-01-02
1649,653,Job Board,1073,2021-02-10
1650,654,Agency Fee,1970,2020-12-07
1651,654,Background Check,1945,2021-10-03
1652,655,Job Board,328,2023-12-15
1653,655,Referral Bonus,1208,2022-09-10
1654,656,Agency Fee,425,2021-09-18
1655,656,Referral Bonus,1825,2021-04-22
1656,657,Recruiter Salary,689,2021-07-16
1657,657,Agency Fee,438,2020-08-16
1658,658,Agency Fee,406,2022-04-07
1659,658,Job Board,1006,2021-05-08
1660,658,Job Board,343,2023-07-25
1661,659,Job Board,1122,2023-06-18
1662,659,Background Check,113,2022-11-24
1663,660,Referral Bonus,722,2023-02-12
1664,660,Job Board,1883,2021-06-01
1665,660,Recruiter Salary,1579,2023-10-03
1666,661,Referral Bonus,172,2022-04-09
1667,661,Referral Bonus,898,2023-09-27
1668,661,Job Board,1422,2022-09-08
1669,662,Referral Bonus,885,2021-10-30
1670,662,Recruiter Salary,145,2020-07-14
1671,662,Referral Bonus,1649,2020-10-08
1672,663,Agency Fee,770,2021-06-12
1673,663,Background Check,200,2020-12-29
1674,664,Recruiter Salary,922,2022-05-16
1675,664,Background Check,709,2020-02-07
1676,665,Referral Bonus,717,2020-10-04
1677,665,Agency Fee,1479,2021-08-14
1678,666,Background Check,1062,2020-08-10
1679,666,Job Board,1067,2020-01-26
1680,667,Referral Bonus,1181,2023-02-24
1681,667,Background Check,487,2023-05-07
1682,668,Agency Fee,1966,2021-09-15
1683,668,Agency Fee,1871,2023-10-22
1684,669,Referral Bonus,1394,2020-02-11
1685,669,Agency Fee,124,2022-11-25
1686,669,Job Board,1026,2022-09-12
1687,670,Job Board,1515,2023-01-12
1688,670,Background Check,1082,2023-10-10
1689,670,Job Board,198,2023-06-10
1690,671,Recruiter Salary,429,2020-01-19
1691,671,Job Board,1472,2022-03-20
1692,671,Background Check,1687,2023-04-10
1693,672,Background Check,667,2023-01-07
1694,672,Agency Fee,917,2021-04-14
1695,673,Background Check,1880,2021-08-26
1696,673,Referral Bonus,524,2023-05-02
1697,674,Recruiter Salary,1358,2020-03-11
1698,674,Recruiter Salary,1528,2022-10-01
1699,674,Recruiter Salary,1260,2023-12-17
1700,675,Background Check,1624,2023-12-09
1701,675,Job Board,623,2022-01-13
1702,676,Referral Bonus,280,2022-05-04
1703,676,Job Board,1515,2022-09-20
1704,677,Referral Bonus,732,2020-03-24
1705,677,Agency Fee,476,2023-12-31
1706,677,Job Board,607,2023-01-23
1707,678,Referral Bonus,199,2023-07-15
1708,678,Recruiter Salary,980,2020-05-02
1709,678,Background Check,1436,2022-06-07
1710,679,Job Board,976,2023-11-26
1711,679,Referral Bonus,295,2020-09-17
1712,680,Agency Fee,746,2021-07-07
1713,680,Agency Fee,583,2021-03-25
1714,680,Job Board,1956,2021-01-27
1715,681,Recruiter Salary,538,2022-07-14
1716,681,Job Board,1403,2022-12-30
1717,681,Agency Fee,1646,2020-05-03
1718,682,Referral Bonus,691,2022-06-26
1719,682,Recruiter Salary,468,2020-11-23
1720,683,Agency Fee,1847,2024-02-02
1721,683,Referral Bonus,1344,2021-10-21
1722,683,Agency Fee,915,2020-03-22
1723,684,Background Check,1668,2020-12-01
1724,684,Recruiter Salary,1685,2021-09-28
1725,685,Job Board,896,2023-09-21
1726,685,Referral Bonus,901,2023-09-14
1727,686,Referral Bonus,1065,2022-07-22
1728,686,Referral Bonus,570,2021-05-24
1729,686,Job Board,1322,2023-04-28
1730,687,Referral Bonus,1019,2020-03-19
1731,687,Referral Bonus,952,2023-10-03
1732,687,Recruiter Salary,1561,2020-01-27
1733,688,Recruiter Salary,382,2021-05-15
1734,688,Background Check,971,2020-06-10
1735,689,Job Board,1954,2022-07-21
1736,689,Recruiter Salary,1276,2020-06-03
1737,690,Background Check,1358,2020-08-15
1738,690,Agency Fee,1776,2021-12-01
1739,691,Recruiter Salary,1273,2021-02-20
1740,691,Agency Fee,628,2020-01-12
1741,691,Background Check,676,2023-08-17
1742,692,Referral Bonus,1060,2022-12-25
1743,692,Job Board,1058,2022-10-26
1744,693,Referral Bonus,1049,2022-06-03
1745,693,Background Check,753,2020-02-21
1746,693,Agency Fee,1147,2024-01-22
1747,694,Recruiter Salary,1840,2023-01-14
1748,694,Referral Bonus,538,2021-01-03
1749,695,Background Check,197,2020-01-26
1750,695,Agency Fee,1942,2021-11-09
1751,696,Background Check,928,2024-02-09
1752,696,Background Check,1819,2024-01-23
1753,696,Recruiter Salary,1538,2021-09-12
1754,697,Recruiter Salary,704,2023-01-05
1755,697,Recruiter Salary,1094,2020-01-21
1756,697,Agency Fee,321,2020-05-11
1757,698,Job Board,825,2023-02-09
1758,698,Referral Bonus,1885,2021-10-17
1759,698,Job Board,1049,2021-03-05
1760,699,Recruiter Salary,173,2023-12-30
1761,699,Job Board,522,2020-12-04
1762,699,Recruiter Salary,702,2020-04-23
1763,700,Recruiter Salary,1516,2023-12-02
1764,700,Agency Fee,1146,2020-05-15
1765,700,Agency Fee,1998,2022-03-19
1766,701,Job Board,128,2022-02-23
1767,701,Recruiter Salary,1256,2020-03-17
1768,701,Job Board,1565,2023-10-08
1769,702,Agency Fee,1367,2020-09-01
1770,702,Agency Fee,416,2024-01-21
1771,702,Referral Bonus,269,2022-10-15
1772,703,Agency Fee,904,2020-08-05
1773,703,Recruiter Salary,103,2022-01-10
1774,704,Agency Fee,1878,2021-05-14
1775,704,Recruiter Salary,1017,2021-02-04
1776,704,Referral Bonus,1877,2023-07-20
1777,705,Referral Bonus,917,2020-10-23
1778,705,Recruiter Salary,1907,2024-01-08
1779,706,Job Board,305,2020-05-22
1780,706,Job Board,1959,2020-07-14
1781,706,Recruiter Salary,1491,2021-09-20
1782,707,Agency Fee,401,2020-09-08
1783,707,Agency Fee,309,2021-01-20
1784,708,Recruiter Salary,1258,2021-04-24
1785,708,Agency Fee,1022,2023-11-18
1786,709,Agency Fee,1624,2023-04-03
1787,709,Job Board,1962,2020-08-01
1788,709,Recruiter Salary,1142,2023-08-11
1789,710,Background Check,793,2022-01-16
1790,710,Recruiter Salary,177,2020-05-10
1791,710,Referral Bonus,553,2023-01-09
1792,711,Job Board,178,2021-07-26
1793,711,Agency Fee,1897,2020-10-08
1794,712,Referral Bonus,1739,2023-01-05
1795,712,Recruiter Salary,806,2021-08-23
1796,712,Referral Bonus,1084,2022-06-13
1797,713,Agency Fee,691,2023-04-30
1798,713,Background Check,1036,2022-11-21
1799,713,Recruiter Salary,527,2022-03-20
1800,714,Job Board,2000,2022-04-23
1801,714,Agency Fee,278,2020-07-08
1802,714,Referral Bonus,299,2023-03-22
1803,715,Agency Fee,1951,2021-08-31
1804,715,Referral Bonus,155,2021-04-16
1805,715,Agency Fee,882,2022-01-02
1806,716,Background Check,945,2021-08-21
1807,716,Recruiter Salary,1867,2020-09-24
1808,717,Recruiter Salary,1962,2022-02-20
1809,717,Recruiter Salary,153,2022-11-21
1810,718,Recruiter Salary,669,2020-07-12
1811,718,Referral Bonus,1195,2023-01-22
1812,718,Referral Bonus,1008,2022-03-28
1813,719,Recruiter Salary,659,2023-10-24
1814,719,Recruiter Salary,1018,2023-06-23
1815,719,Job Board,552,2023-01-01
1816,720,Referral Bonus,1892,2023-06-07
1817,720,Referral Bonus,480,2023-11-26
1818,721,Background Check,838,2022-07-28
1819,721,Background Check,1214,2023-04-22
1820,721,Job Board,354,2020-11-16
1821,722,Referral Bonus,1662,2023-03-01
1822,722,Job Board,466,2023-07-08
1823,723,Background Check,1167,2024-02-07
1824,723,Background Check,188,2023-09-06
1825,723,Background Check,750,2020-03-12
1826,724,Job Board,1713,2020-12-10
1827,724,Agency Fee,618,2020-05-15
1828,725,Agency Fee,500,2022-05-12
1829,725,Background Check,708,2022-05-11
1830,726,Recruiter Salary,1350,2022-04-11
1831,726,Job Board,1516,2020-09-10
1832,727,Background Check,1056,2023-12-09
1833,727,Agency Fee,113,2023-03-06
1834,728,Agency Fee,1355,2023-08-27
1835,728,Background Check,1098,2020-07-30
1836,728,Job Board,417,2021-03-05
1837,729,Recruiter Salary,460,2020-05-15
1838,729,Background Check,482,2023-06-30
1839,729,Agency Fee,886,2023-07-24
1840,730,Background Check,1721,2023-05-19
1841,730,Job Board,322,2022-08-17
1842,731,Job Board,1888,2022-04-07
1843,731,Agency Fee,574,2021-10-16
1844,731,Job Board,979,2021-04-28
1845,732,Job Board,1059,2020-03-26
1846,732,Recruiter Salary,720,2020-06-10
1847,732,Recruiter Salary,1371,2022-11-26
1848,733,Recruiter Salary,1894,2023-01-18
1849,733,Background Check,1592,2023-03-21
1850,733,Agency Fee,1495,2020-07-12
1851,734,Recruiter Salary,938,2021-04-17
1852,734,Agency Fee,614,2020-08-01
1853,735,Recruiter Salary,1639,2023-11-20
1854,735,Background Check,1952,2023-12-15
1855,735,Recruiter Salary,725,2020-09-17
1856,736,Referral Bonus,269,2023-12-08
1857,736,Job Board,1199,2022-09-24
1858,737,Background Check,180,2020-03-19
1859,737,Referral Bonus,555,2020-02-09
1860,737,Recruiter Salary,1467,2022-09-18
1861,738,Referral Bonus,864,2023-01-10
1862,738,Recruiter Salary,464,2020-08-29
1863,739,Background Check,176,2020-03-18
1864,739,Agency Fee,112,2022-06-24
1865,739,Agency Fee,324,2021-12-01
1866,740,Agency Fee,730,2021-06-24
1867,740,Recruiter Salary,966,2022-08-06
1868,741,Job Board,1318,2022-08-09
1869,741,Agency Fee,1015,2020-04-13
1870,742,Job Board,1401,2022-04-10
1871,742,Referral Bonus,1059,2020-10-04
1872,743,Referral Bonus,729,2021-01-05
1873,743,Referral Bonus,958,2022-06-04
1874,743,Agency Fee,1686,2020-01-13
1875,744,Job Board,743,2023-05-16
1876,744,Agency Fee,1062,2020-05-24
1877,745,Referral Bonus,849,2021-09-04
1878,745,Job Board,1939,2020-03-24
1879,746,Recruiter Salary,890,2022-09-09
1880,746,Job Board,1063,2020-02-09
1881,747,Referral Bonus,220,2022-06-01
1882,747,Job Board,1736,2020-11-22
1883,748,Agency Fee,1447,2023-09-23
1884,748,Background Check,1296,2020-09-05
1885,748,Background Check,1970,2021-06-20
1886,749,Background Check,1924,2023-10-22
1887,749,Background Check,626,2022-02-07
1888,750,Recruiter Salary,1255,2020-03-03
1889,750,Recruiter Salary,295,2022-03-02
1890,751,Agency Fee,166,2020-08-25
1891,751,Referral Bonus,186,2021-01-07
1892,752,Job Board,1086,2022-11-03
1893,752,Job Board,1306,2023-12-11
1894,752,Recruiter Salary,851,2023-02-20
1895,753,Referral Bonus,239,2021-11-18
1896,753,Background Check,1253,2022-01-10
1897,754,Recruiter Salary,538,2020-12-29
1898,754,Job Board,367,2020-01-01
1899,754,Referral Bonus,411,2021-11-24
1900,755,Agency Fee,216,2020-12-08
1901,755,Job Board,1615,2021-01-27
1902,756,Job Board,1167,2023-11-22
1903,756,Agency Fee,385,2022-01-12
1904,756,Job Board,427,2020-01-12
1905,757,Job Board,820,2021-03-10
1906,757,Recruiter Salary,1254,2021-02-07
1907,758,Agency Fee,508,2023-07-16
1908,758,Referral Bonus,1800,2021-07-03
1909,758,Job Board,1516,2020-09-09
1910,759,Referral Bonus,1055,2021-03-23
1911,759,Background Check,1896,2020-06-13
1912,760,Background Check,686,2021-08-30
1913,760,Recruiter Salary,1207,2023-05-31
1914,761,Job Board,1380,2020-10-25
1915,761,Background Check,1190,2020-01-18
1916,761,Job Board,1576,2024-01-16
1917,762,Agency Fee,1791,2023-08-03
1918,762,Agency Fee,122,2020-01-10
1919,762,Recruiter Salary,293,2021-06-09
1920,763,Job Board,1482,2023-03-19
1921,763,Agency Fee,383,2023-04-14
1922,764,Recruiter Salary,1220,2021-05-14
1923,764,Job Board,981,2021-10-27
1924,764,Recruiter Salary,1674,2022-10-04
1925,765,Referral Bonus,1297,2021-09-07
1926,765,Recruiter Salary,127,2022-04-17
1927,766,Agency Fee,1602,2021-01-05
1928,766,Agency Fee,1419,2020-03-28
1929,766,Agency Fee,483,2020-02-06
1930,767,Recruiter Salary,1270,2020-03-12
1931,767,Job Board,884,2020-12-24
1932,767,Job Board,231,2020-11-17
1933,768,Agency Fee,621,2022-03-13
1934,768,Job Board,1500,2020-01-30
1935,768,Recruiter Salary,938,2023-10-01
1936,769,Job Board,1010,2023-02-07
1937,769,Agency Fee,264,2021-01-25
1938,769,Referral Bonus,1818,2023-03-19
1939,770,Agency Fee,1778,2021-02-24
1940,770,Job Board,1967,2020-03-03
1941,771,Job Board,208,2023-07-05
1942,771,Agency Fee,1200,2023-12-24
1943,771,Agency Fee,761,2023-01-06
1944,772,Recruiter Salary,1591,2020-05-08
1945,772,Recruiter Salary,683,2020-04-07
1946,773,Job Board,898,2021-04-25
1947,773,Background Check,909,2021-04-03
1948,774,Recruiter Salary,1439,2020-08-06
1949,774,Recruiter Salary,126,2020-09-13
1950,774,Referral Bonus,1918,2021-03-04
1951,775,Recruiter Salary,1676,2020-03-21
1952,775,Agency Fee,1350,2022-08-09
1953,775,Recruiter Salary,564,2021-12-17
1954,776,Referral Bonus,1409,2023-01-12
1955,776,Recruiter Salary,1162,2020-02-01
1956,777,Agency Fee,1229,2020-08-30
1957,777,Background Check,689,2021-09-24
1958,778,Agency Fee,1954,2022-08-27
1959,778,Background Check,784,2022-11-15
1960,779,Background Check,915,2022-10-20
1961,779,Recruiter Salary,1782,2023-09-17
1962,780,Recruiter Salary,624,2021-09-10
1963,780,Recruiter Salary,1048,2020-07-10
1964,780,Recruiter Salary,1755,2021-09-19
1965,781,Recruiter Salary,658,2020-03-25
1966,781,Job Board,529,2023-04-21
1967,782,Agency Fee,768,2023-03-13
1968,782,Agency Fee,297,2021-04-19
1969,782,Job Board,887,2023-10-31
1970,783,Agency Fee,1632,2020-10-23
1971,783,Referral Bonus,1524,2024-01-10
1972,784,Background Check,1229,2021-02-12
1973,784,Referral Bonus,939,2020-09-12
1974,784,Recruiter Salary,1698,2020-10-13
1975,785,Referral Bonus,710,2023-07-28
1976,785,Recruiter Salary,136,2022-11-09
1977,785,Referral Bonus,264,2021-04-22
1978,786,Background Check,420,2023-01-13
1979,786,Job Board,1179,2021-01-02
1980,787,Recruiter Salary,1047,2021-01-26
1981,787,Referral Bonus,1741,2021-03-26
1982,787,Background Check,1954,2023-09-01
1983,788,Agency Fee,168,2022-02-09
1984,788,Agency Fee,1028,2021-05-03
1985,789,Background Check,1311,2023-12-15
1986,789,Background Check,1280,2020-12-04
1987,790,Job Board,142,2023-07-13
1988,790,Agency Fee,625,2020-10-29
1989,790,Recruiter Salary,1367,2022-04-03
1990,791,Recruiter Salary,1900,2023-09-21
1991,791,Job Board,1505,2023-06-13
1992,791,Background Check,1972,2023-01-13
1993,792,Agency Fee,1585,2020-03-04
1994,792,Background Check,1535,2022-03-23
1995,792,Agency Fee,898,2023-02-07
1996,793,Agency Fee,322,2020-01-09
1997,793,Recruiter Salary,335,2023-10-25
1998,794,Background Check,169,2021-07-02
1999,794,Job Board,1307,2020-10-10
2000,795,Job Board,708,2021-02-02
2001,795,Job Board,361,2023-06-20
2002,796,Job Board,1378,2022-07-12
2003,796,Background Check,635,2020-03-27
2004,797,Job Board,1339,2020-09-06
2005,797,Recruiter Salary,1699,2020-06-15
2006,798,Referral Bonus,1705,2021-04-11
2007,798,Referral Bonus,1737,2022-09-17
2008,799,Recruiter Salary,905,2023-06-20
2009,799,Background Check,885,2023-11-08
2010,800,Job Board,319,2023-11-17
2011,800,Recruiter Salary,1581,2023-05-08
2012,801,Recruiter Salary,1683,2022-03-19
2013,801,Recruiter Salary,991,2020-06-29
2014,802,Referral Bonus,1315,2023-03-02
2015,802,Background Check,288,2021-01-01
2016,802,Background Check,112,2023-04-08
2017,803,Agency Fee,1224,2023-04-07
2018,803,Job Board,1675,2022-06-01
2019,803,Referral Bonus,480,2022-08-30
2020,804,Recruiter Salary,514,2021-03-10
2021,804,Agency Fee,1722,2022-10-07
2022,804,Recruiter Salary,1425,2023-04-20
2023,805,Recruiter Salary,341,2020-08-20
2024,805,Recruiter Salary,1683,2022-10-05
2025,806,Recruiter Salary,1566,2021-05-04
2026,806,Referral Bonus,1812,2020-09-01
2027,806,Referral Bonus,136,2022-04-15
2028,807,Recruiter Salary,256,2023-06-12
2029,807,Referral Bonus,1135,2020-03-17
2030,807,Background Check,1341,2022-09-06
2031,808,Agency Fee,593,2022-07-18
2032,808,Referral Bonus,823,2023-08-11
2033,808,Background Check,1990,2020-10-03
2034,809,Agency Fee,1366,2021-11-23
2035,809,Background Check,997,2023-01-20
2036,810,Agency Fee,1599,2020-08-14
2037,810,Agency Fee,1438,2023-01-27
2038,811,Job Board,574,2020-08-30
2039,811,Background Check,1083,2020-04-13
2040,811,Agency Fee,1198,2022-03-22
2041,812,Recruiter Salary,562,2020-11-28
2042,812,Recruiter Salary,733,2023-12-15
2043,812,Recruiter Salary,1189,2020-06-13
2044,813,Job Board,1641,2023-08-26
2045,813,Referral Bonus,1364,2020-01-07
2046,813,Agency Fee,1199,2020-05-18
2047,814,Referral Bonus,1348,2020-08-14
2048,814,Agency Fee,751,2021-02-06
2049,815,Recruiter Salary,1448,2021-11-24
2050,815,Referral Bonus,1344,2021-04-17
2051,815,Agency Fee,1468,2021-01-07
2052,816,Job Board,1303,2020-06-20
2053,816,Referral Bonus,465,2023-01-21
2054,816,Agency Fee,597,2020-10-25
2055,817,Background Check,1614,2021-08-01
2056,817,Referral Bonus,1784,2020-06-26
2057,817,Referral Bonus,1515,2021-12-05
2058,818,Job Board,1994,2023-03-13
2059,818,Job Board,1072,2021-03-16
2060,818,Referral Bonus,1955,2023-05-16
2061,819,Agency Fee,455,2021-11-14
2062,819,Job Board,222,2021-12-05
2063,820,Background Check,360,2022-02-01
2064,820,Agency Fee,1658,2022-11-12
2065,820,Background Check,1462,2020-10-07
2066,821,Recruiter Salary,1130,2021-12-03
2067,821,Job Board,904,2022-07-07
2068,822,Job Board,1735,2020-08-12
2069,822,Referral Bonus,428,2023-05-22
2070,823,Recruiter Salary,851,2023-01-03
2071,823,Referral Bonus,209,2023-08-02
2072,823,Referral Bonus,227,2022-10-24
2073,824,Background Check,484,2021-11-13
2074,824,Job Board,719,2021-06-24
2075,824,Job Board,504,2020-03-02
2076,825,Agency Fee,598,2023-08-16
2077,825,Background Check,1510,2021-09-26
2078,826,Job Board,1801,2021-01-01
2079,826,Background Check,1496,2022-07-10
2080,826,Agency Fee,527,2022-02-17
2081,827,Agency Fee,1557,2022-04-14
2082,827,Job Board,1896,2021-02-19
2083,828,Background Check,1335,2024-02-02
2084,828,Agency Fee,1931,2021-07-08
2085,828,Background Check,1441,2021-11-22
2086,829,Job Board,291,2023-06-03
2087,829,Background Check,1456,2021-11-17
2088,829,Recruiter Salary,1240,2023-04-03
2089,830,Job Board,180,2021-02-15
2090,830,Agency Fee,605,2023-07-05
2091,830,Recruiter Salary,1906,2023-09-15
2092,831,Referral Bonus,105,2021-09-30
2093,831,Recruiter Salary,1194,2020-05-17
2094,832,Background Check,1956,2022-03-13
2095,832,Background Check,157,2023-07-17
2096,832,Job Board,1124,2021-02-16
2097,833,Background Check,200,2022-09-03
2098,833,Agency Fee,1521,2022-08-26
2099,833,Recruiter Salary,394,2022-01-12
2100,834,Referral Bonus,155,2022-05-10
2101,834,Agency Fee,1652,2022-10-28
2102,834,Referral Bonus,1813,2022-12-06
2103,835,Background Check,741,2020-01-12
2104,835,Background Check,460,2022-01-16
2105,836,Agency Fee,1669,2020-06-23
2106,836,Agency Fee,290,2023-07-27
2107,837,Background Check,1070,2023-04-13
2108,837,Recruiter Salary,1425,2021-01-27
2109,838,Background Check,1624,2020-07-15
2110,838,Agency Fee,1119,2020-02-08
2111,839,Referral Bonus,730,2021-02-21
2112,839,Referral Bonus,1081,2023-11-15
2113,839,Job Board,960,2023-07-26
2114,840,Agency Fee,611,2021-03-19
2115,840,Agency Fee,817,2023-08-09
2116,840,Background Check,657,2020-05-27
2117,841,Agency Fee,1918,2022-09-24
2118,841,Background Check,459,2022-12-11
2119,842,Background Check,549,2021-08-31
2120,842,Agency Fee,645,2021-11-04
2121,842,Agency Fee,632,2022-07-09
2122,843,Job Board,1510,2022-01-20
2123,843,Background Check,155,2023-12-11
2124,843,Recruiter Salary,1522,2023-11-16
2125,844,Job Board,332,2023-02-26
2126,844,Job Board,1085,2021-06-24
2127,845,Job Board,1564,2023-08-30
2128,845,Referral Bonus,1567,2020-09-29
2129,845,Job Board,565,2023-02-22
2130,846,Agency Fee,211,2023-01-04
2131,846,Background Check,979,2021-09-06
2132,846,Agency Fee,1762,2023-02-28
2133,847,Agency Fee,171,2021-02-19
2134,847,Background Check,531,2021-03-21
2135,848,Job Board,1828,2020-05-31
2136,848,Job Board,439,2022-12-16
2137,849,Background Check,490,2023-08-06
2138,849,Background Check,1278,2020-09-06
2139,849,Agency Fee,422,2020-11-28
2140,850,Agency Fee,971,2022-07-16
2141,850,Referral Bonus,1333,2023-12-06
2142,850,Agency Fee,1497,2022-07-12
2143,851,Background Check,1538,2023-07-08
2144,851,Background Check,1779,2023-08-31
2145,852,Background Check,1158,2022-12-06
2146,852,Agency Fee,848,2021-10-17
2147,852,Agency Fee,940,2022-01-08
2148,853,Background Check,1225,2023-10-27
2149,853,Referral Bonus,1422,2022-01-24
2150,853,Background Check,1346,2023-01-21
2151,854,Agency Fee,852,2023-06-10
2152,854,Recruiter Salary,909,2023-08-15
2153,854,Recruiter Salary,1012,2020-01-30
2154,855,Recruiter Salary,286,2020-08-26
2155,855,Referral Bonus,670,2023-10-18
2156,856,Agency Fee,1874,2022-02-27
2157,856,Job Board,1731,2023-08-20
2158,857,Referral Bonus,447,2023-01-05
2159,857,Background Check,1520,2023-01-20
2160,858,Agency Fee,193,2021-01-23
2161,858,Agency Fee,1098,2022-03-31
2162,859,Agency Fee,1598,2020-03-09
2163,859,Recruiter Salary,1577,2023-02-05
2164,860,Recruiter Salary,1989,2021-02-14
2165,860,Recruiter Salary,1648,2024-01-14
2166,861,Background Check,974,2020-04-02
2167,861,Background Check,1966,2022-03-06
2168,861,Recruiter Salary,640,2020-08-27
2169,862,Referral Bonus,1634,2021-05-28
2170,862,Recruiter Salary,1487,2021-03-10
2171,862,Agency Fee,561,2021-02-09
2172,863,Background Check,229,2021-11-10
2173,863,Job Board,1223,2020-04-23
2174,864,Referral Bonus,249,2022-11-22
2175,864,Referral Bonus,167,2023-07-28
2176,865,Referral Bonus,626,2022-12-08
2177,865,Agency Fee,886,2022-12-23
2178,866,Referral Bonus,626,2021-03-14
2179,866,Job Board,1388,2021-07-23
2180,867,Agency Fee,1594,2023-05-25
2181,867,Referral Bonus,742,2023-02-11
2182,868,Agency Fee,999,2023-01-13
2183,868,Referral Bonus,163,2023-10-14
2184,869,Referral Bonus,1736,2021-04-02
2185,869,Agency Fee,1173,2020-01-24
2186,869,Recruiter Salary,1710,2021-09-23
2187,870,Recruiter Salary,394,2022-08-05
2188,870,Recruiter Salary,1095,2020-10-30
2189,870,Recruiter Salary,176,2020-08-15
2190,871,Agency Fee,1369,2022-01-01
2191,871,Job Board,1889,2021-03-12
2192,871,Agency Fee,1299,2023-05-28
2193,872,Recruiter Salary,1799,2023-06-04
2194,872,Agency Fee,468,2023-07-10
2195,872,Background Check,810,2021-06-18
2196,873,Agency Fee,1442,2020-10-12
2197,873,Agency Fee,391,2023-07-11
2198,874,Referral Bonus,142,2021-04-29
2199,874,Recruiter Salary,108,2023-07-10
2200,875,Recruiter Salary,1053,2022-11-04
2201,875,Agency Fee,409,2022-04-09
2202,876,Agency Fee,1268,2022-05-28
2203,876,Recruiter Salary,694,2022-01-27
2204,876,Job Board,716,2020-06-21
2205,877,Recruiter Salary,271,2020-08-30
2206,877,Agency Fee,1689,2020-11-26
2207,878,Agency Fee,248,2023-10-15
2208,878,Agency Fee,182,2021-05-22
2209,879,Background Check,1254,2022-02-09
2210,879,Recruiter Salary,916,2023-11-25
2211,879,Agency Fee,127,2020-09-07
2212,880,Background Check,641,2023-08-18
2213,880,Recruiter Salary,839,2021-11-04
2214,881,Background Check,1842,2024-02-04
2215,881,Background Check,1158,2020-11-22
2216,881,Job Board,130,2022-09-21
2217,882,Recruiter Salary,475,2021-08-07
2218,882,Agency Fee,159,2021-10-26
2219,882,Job Board,215,2022-12-26
2220,883,Job Board,1171,2022-07-30
2221,883,Agency Fee,1951,2022-12-08
2222,884,Recruiter Salary,1179,2022-12-14
2223,884,Job Board,352,2023-11-19
2224,885,Background Check,364,2022-03-18
2225,885,Job Board,142,2021-09-18
2226,886,Recruiter Salary,1616,2023-08-25
2227,886,Referral Bonus,881,2023-12-02
2228,886,Job Board,1308,2020-08-11
2229,887,Agency Fee,669,2023-05-26
2230,887,Job Board,803,2022-03-07
2231,887,Agency Fee,1887,2022-08-18
2232,888,Recruiter Salary,1808,2024-01-13
2233,888,Referral Bonus,1363,2020-01-24
2234,888,Recruiter Salary,1839,2024-01-17
2235,889,Agency Fee,1308,2021-07-02
2236,889,Job Board,1878,2020-09-13
2237,889,Agency Fee,882,2023-03-29
2238,890,Agency Fee,704,2022-11-11
2239,890,Job Board,1823,2020-11-16
2240,890,Background Check,1016,2022-09-27
2241,891,Agency Fee,868,2020-10-01
2242,891,Background Check,1208,2021-02-15
2243,891,Recruiter Salary,1155,2021-01-16
2244,892,Referral Bonus,1218,2022-04-21
2245,892,Recruiter Salary,251,2021-01-15
2246,893,Referral Bonus,1010,2022-03-06
2247,893,Recruiter Salary,140,2022-10-15
2248,894,Background Check,939,2023-03-22
2249,894,Agency Fee,1650,2023-01-15
2250,894,Recruiter Salary,1064,2022-12-25
2251,895,Agency Fee,372,2023-12-16
2252,895,Referral Bonus,402,2020-06-11
2253,896,Agency Fee,149,2021-04-05
2254,896,Background Check,417,2020-11-13
2255,897,Agency Fee,852,2022-09-17
2256,897,Referral Bonus,1183,2021-04-11
2257,898,Recruiter Salary,382,2021-01-09
2258,898,Agency Fee,1027,2021-11-11
2259,899,Job Board,1287,2022-12-14
2260,899,Background Check,891,2021-12-01
2261,900,Job Board,1620,2021-07-24
2262,900,Job Board,838,2022-06-27
2263,901,Referral Bonus,1624,2023-10-20
2264,901,Agency Fee,665,2023-01-06
2265,901,Background Check,1479,2020-12-15
2266,902,Referral Bonus,1870,2022-07-29
2267,902,Referral Bonus,1324,2022-10-30
2268,902,Job Board,705,2023-01-06
2269,903,Recruiter Salary,481,2022-12-28
2270,903,Agency Fee,604,2020-12-26
2271,904,Agency Fee,1215,2021-02-20
2272,904,Job Board,500,2024-01-19
2273,904,Job Board,203,2020-10-22
2274,905,Agency Fee,1498,2023-11-28
2275,905,Recruiter Salary,1389,2022-10-07
2276,905,Job Board,1534,2023-03-25
2277,906,Referral Bonus,1724,2020-03-19
2278,906,Background Check,672,2022-03-06
2279,907,Referral Bonus,1800,2020-07-29
2280,907,Referral Bonus,1101,2024-01-20
2281,908,Referral Bonus,569,2020-07-20
2282,908,Background Check,1214,2023-03-07
2283,909,Recruiter Salary,723,2020-05-05
2284,909,Referral Bonus,210,2022-12-16
2285,910,Agency Fee,969,2022-03-30
2286,910,Background Check,202,2022-06-03
2287,910,Agency Fee,1889,2023-11-01
2288,911,Background Check,1266,2023-07-14
2289,911,Job Board,1882,2022-12-04
2290,912,Job Board,1959,2023-03-02
2291,912,Job Board,398,2022-01-16
2292,912,Job Board,526,2021-04-07
2293,913,Background Check,323,2024-01-04
2294,913,Agency Fee,978,2021-01-10
2295,914,Background Check,1137,2022-12-30
2296,914,Referral Bonus,617,2020-12-09
2297,914,Job Board,130,2020-04-22
2298,915,Agency Fee,1960,2021-10-19
2299,915,Job Board,1268,2021-03-01
2300,915,Referral Bonus,1491,2020-03-13
2301,916,Agency Fee,547,2022-01-15
2302,916,Recruiter Salary,641,2021-02-23
2303,917,Referral Bonus,878,2021-02-01
2304,917,Agency Fee,1678,2021-04-05
2305,917,Agency Fee,1374,2021-05-27
2306,918,Background Check,798,2021-09-04
2307,918,Background Check,1857,2021-09-11
2308,918,Recruiter Salary,1986,2022-01-04
2309,919,Referral Bonus,1154,2022-07-07
2310,919,Job Board,195,2023-08-18
2311,920,Job Board,1426,2022-08-26
2312,920,Recruiter Salary,755,2023-08-21
2313,921,Job Board,169,2021-10-24
2314,921,Referral Bonus,855,2020-10-18
2315,921,Background Check,336,2022-12-31
2316,922,Recruiter Salary,779,2021-06-14
2317,922,Agency Fee,476,2022-10-26
2318,923,Agency Fee,1543,2023-01-17
2319,923,Background Check,463,2022-04-20
2320,923,Recruiter Salary,1614,2022-02-23
2321,924,Recruiter Salary,649,2020-02-05
2322,924,Job Board,1274,2022-02-14
2323,925,Agency Fee,1199,2022-06-14
2324,925,Agency Fee,1546,2023-08-10
2325,925,Job Board,1090,2022-10-24
2326,926,Agency Fee,1099,2023-06-10
2327,926,Background Check,1849,2021-12-22
2328,926,Agency Fee,420,2021-01-03
2329,927,Recruiter Salary,1476,2021-05-29
2330,927,Job Board,334,2021-01-19
2331,927,Background Check,1473,2021-11-24
2332,928,Background Check,1706,2022-06-28
2333,928,Background Check,912,2021-03-03
2334,929,Agency Fee,1116,2021-08-08
2335,929,Referral Bonus,802,2020-05-25
2336,929,Agency Fee,1712,2023-04-22
2337,930,Background Check,386,2020-05-16
2338,930,Job Board,572,2023-08-02
2339,930,Background Check,652,2020-04-18
2340,931,Job Board,1884,2023-01-04
2341,931,Referral Bonus,1830,2022-07-18
2342,931,Background Check,1946,2022-10-23
2343,932,Referral Bonus,1703,2022-09-01
2344,932,Job Board,776,2021-05-18
2345,932,Background Check,1184,2022-08-18
2346,933,Job Board,1944,2024-01-08
2347,933,Agency Fee,1085,2020-09-06
2348,934,Agency Fee,293,2021-08-29
2349,934,Background Check,570,2021-07-15
2350,935,Recruiter Salary,1553,2022-09-12
2351,935,Recruiter Salary,1263,2021-01-23
2352,936,Recruiter Salary,1872,2020-12-07
2353,936,Recruiter Salary,1324,2020-05-25
2354,937,Background Check,558,2022-10-26
2355,937,Job Board,698,2022-06-15
2356,937,Background Check,651,2021-03-22
2357,938,Background Check,589,2020-09-16
2358,938,Job Board,1454,2023-12-12
2359,938,Background Check,1868,2023-04-23
2360,939,Agency Fee,727,2021-09-25
2361,939,Job Board,320,2021-10-16
2362,940,Recruiter Salary,902,2023-08-30
2363,940,Referral Bonus,372,2022-12-21
2364,941,Recruiter Salary,1665,2020-04-24
2365,941,Agency Fee,189,2020-07-12
2366,942,Agency Fee,1137,2023-08-13
2367,942,Job Board,1435,2022-05-23
2368,943,Recruiter Salary,1035,2020-10-03
2369,943,Agency Fee,1249,2023-02-15
2370,943,Agency Fee,1550,2022-12-08
2371,944,Background Check,1399,2023-09-17
2372,944,Job Board,1144,2020-07-10
2373,945,Agency Fee,174,2023-04-08
2374,945,Referral Bonus,442,2023-09-20
2375,945,Referral Bonus,376,2021-11-14
2376,946,Recruiter Salary,1492,2023-10-13
2377,946,Referral Bonus,489,2022-09-06
2378,947,Recruiter Salary,1305,2020-01-01
2379,947,Job Board,614,2021-04-11
2380,947,Job Board,1131,2022-05-09
2381,948,Agency Fee,809,2023-09-24
2382,948,Job Board,474,2022-10-31
2383,948,Recruiter Salary,1188,2022-03-04
2384,949,Referral Bonus,1655,2022-01-07
2385,949,Agency Fee,530,2024-02-07
2386,950,Job Board,1038,2020-10-04
2387,950,Recruiter Salary,556,2022-03-23
2388,951,Agency Fee,992,2021-03-31
2389,951,Recruiter Salary,501,2023-06-24
2390,952,Background Check,1103,2021-06-22
2391,952,Recruiter Salary,1879,2021-10-20
2392,953,Referral Bonus,1481,2022-04-17
2393,953,Agency Fee,957,2023-06-18
2394,954,Recruiter Salary,1765,2020-07-18
2395,954,Background Check,605,2022-05-09
2396,954,Job Board,1355,2020-12-12
2397,955,Referral Bonus,1447,2020-08-13
2398,955,Agency Fee,520,2022-11-11
2399,955,Background Check,1969,2020-12-04
2400,956,Agency Fee,1431,2022-02-02
2401,956,Background Check,1199,2021-11-07
2402,957,Agency Fee,416,2021-03-28
2403,957,Agency Fee,1375,2022-12-01
2404,958,Job Board,764,2023-10-18
2405,958,Recruiter Salary,766,2020-12-27
2406,958,Recruiter Salary,1775,2020-08-16
2407,959,Referral Bonus,1162,2021-01-12
2408,959,Recruiter Salary,1181,2023-05-22
2409,960,Referral Bonus,763,2023-01-19
2410,960,Job Board,1317,2024-01-30
2411,961,Job Board,256,2021-04-30
2412,961,Recruiter Salary,1543,2023-02-19
2413,961,Job Board,1499,2022-07-20
2414,962,Agency Fee,1105,2022-04-17
2415,962,Recruiter Salary,1794,2020-12-19
2416,962,Background Check,416,2021-12-20
2417,963,Referral Bonus,1668,2023-07-30
2418,963,Job Board,344,2020-08-22
2419,964,Background Check,1639,2022-03-21
2420,964,Agency Fee,924,2020-05-08
2421,965,Background Check,240,2020-06-05
2422,965,Agency Fee,1429,2022-07-05
2423,966,Background Check,351,2023-07-24
2424,966,Referral Bonus,650,2020-12-07
2425,967,Agency Fee,1274,2023-01-05
2426,967,Recruiter Salary,1163,2022-05-18
2427,967,Background Check,1410,2020-03-05
2428,968,Background Check,181,2022-12-23
2429,968,Referral Bonus,315,2021-11-09
2430,969,Referral Bonus,305,2020-07-06
2431,969,Recruiter Salary,627,2023-01-03
2432,969,Background Check,1705,2023-07-15
2433,970,Referral Bonus,1258,2020-03-22
2434,970,Referral Bonus,819,2023-01-13
2435,970,Job Board,144,2021-08-02
2436,971,Recruiter Salary,1067,2023-01-28
2437,971,Recruiter Salary,793,2023-02-25
2438,972,Background Check,1701,2020-11-19
2439,972,Agency Fee,877,2023-02-01
2440,972,Background Check,165,2022-02-13
2441,973,Referral Bonus,139,2022-03-19
2442,973,Recruiter Salary,1757,2023-01-20
2443,973,Recruiter Salary,1916,2020-04-15
2444,974,Recruiter Salary,295,2022-10-16
2445,974,Referral Bonus,568,2021-07-24
2446,974,Agency Fee,442,2022-12-10
2447,975,Referral Bonus,1212,2021-02-26
2448,975,Referral Bonus,1602,2022-02-28
2449,975,Agency Fee,1588,2021-09-18
2450,976,Job Board,1681,2020-06-10
2451,976,Agency Fee,1422,2020-10-09
2452,977,Background Check,112,2021-02-11
2453,977,Recruiter Salary,1616,2020-05-12
2454,977,Background Check,463,2022-08-31
2455,978,Referral Bonus,1809,2022-01-30
2456,978,Job Board,1731,2023-08-03
2457,978,Background Check,1314,2022-08-07
2458,979,Referral Bonus,580,2021-10-16
2459,979,Referral Bonus,307,2020-06-25
2460,980,Referral Bonus,671,2020-07-20
2461,980,Recruiter Salary,607,2023-06-26
2462,980,Background Check,1314,2023-12-23
2463,981,Recruiter Salary,592,2021-01-08
2464,981,Job Board,968,2023-02-14
2465,981,Job Board,144,2022-05-09
2466,982,Background Check,1415,2022-04-15
2467,982,Referral Bonus,1753,2020-06-23
2468,982,Job Board,262,2020-06-06
2469,983,Referral Bonus,1776,2020-10-04
2470,983,Background Check,740,2022-12-22
2471,983,Referral Bonus,857,2023-03-25
2472,984,Agency Fee,683,2023-08-04
2473,984,Recruiter Salary,890,2020-08-24
2474,985,Background Check,896,2020-05-05
2475,985,Agency Fee,1548,2023-08-07
2476,986,Agency Fee,490,2022-07-08
2477,986,Referral Bonus,1615,2021-04-15
2478,986,Recruiter Salary,586,2021-08-22
2479,987,Background Check,1418,2021-10-21
2480,987,Background Check,913,2022-03-21
2481,987,Background Check,1112,2022-02-03
2482,988,Recruiter Salary,1452,2020-04-08
2483,988,Background Check,1553,2022-02-08
2484,988,Referral Bonus,1536,2023-01-22
2485,989,Background Check,669,2023-09-18
2486,989,Referral Bonus,1165,2022-02-05
2487,990,Agency Fee,1366,2023-09-18
2488,990,Job Board,1800,2022-05-13
2489,990,Background Check,1519,2023-08-19
2490,991,Referral Bonus,1175,2023-07-15
2491,991,Job Board,1021,2023-03-07
2492,992,Background Check,1747,2021-01-31
2493,992,Recruiter Salary,1347,2021-09-03
2494,993,Referral Bonus,834,2023-12-19
2495,993,Background Check,467,2023-08-28
2496,993,Job Board,879,2022-01-18
2497,994,Background Check,1064,2021-06-02
2498,994,Recruiter Salary,423,2022-07-22
2499,995,Referral Bonus,971,2021-02-15
2500,995,Referral Bonus,1773,2023-09-19
2501,995,Job Board,984,2022-03-17
2502,996,Referral Bonus,939,2020-10-31
2503,996,Job Board,1788,2022-08-10
2504,997,Recruiter Salary,1971,2021-11-01
2505,997,Referral Bonus,931,2021-04-11
2506,997,Job Board,1715,2023-07-05
2507,998,Background Check,1883,2023-03-02
2508,998,Agency Fee,564,2022-12-21
2509,999,Background Check,151,2020-05-21
2510,999,Job Board,770,2023-01-23
2511,1000,Referral Bonus,214,2020-11-11
2512,1000,Agency Fee,1358,2021-10-09
2513,1000,Referral Bonus,1838,2020-05-25
